OBJECTID,FLD_AR_ID,FLD_ZONE,FLOODWAY,SFHA_TF,STATIC_BFE,V_DATUM,DEPTH,LEN_UNIT,VELOCITY,VEL_UNIT,AR_REVERT,BFE_REVERT,DEP_REVERT,SOURCE_CIT,HYDRO_ID,CST_MDL_ID,ZONE,SHAPE_Length,SHAPE_Area,DFIRM_ID,VERSION_ID,ZONE_SUBTY,AR_SUBTRV,STUDY_TYP,DUAL_ZONE,URL
1,110001_651,X,,F,-9999,,-9999,,-9999,,,-9999,-9999,110001_STUDY1,,,X,3980.96205183203,202854.247974671,110001,1.1.1.0,AREA OF MINIMAL FLOOD HAZARD,,NP,,https://msc.fema.gov/portal/home
2,110001_650,AE,,T,-9999,,-9999,,-9999,,,-9999,-9999,110001_STUDY1,,,AE,2144.03754048917,7913.76864518911,110001,1.1.1.0,,,NP,,https://msc.fema.gov/portal/home
3,110001_1070,0.2 PCT ANNUAL CHANCE FLOOD HAZARD,,F,-9999,,-9999,,-9999,,,-9999,-9999,110001_STUDY1,,,X500,142.866544370187,202.792995376463,110001,1.1.1.0,0.2 PCT ANNUAL CHANCE FLOOD HAZARD,,NP,,https://msc.fema.gov/portal/home
4,110001_1003,0.2 PCT ANNUAL CHANCE FLOOD HAZARD,,F,-9999,,-9999,,-9999,,,-9999,-9999,110001_STUDY1,,,X500,473.174378409782,1220.981469014,110001,1.1.1.0,0.2 PCT ANNUAL CHANCE FLOOD HAZARD,,NP,,https://msc.fema.gov/portal/home
5,110001_1005,0.2 PCT ANNUAL CHANCE FLOOD HAZARD,,F,-9999,,-9999,,-9999,,,-9999,-9999,110001_STUDY1,,,X500,1660.69406220202,60829.1890076421,110001,1.1.1.0,0.2 PCT ANNUAL CHANCE FLOOD HAZARD,,NP,,https://msc.fema.gov/portal/home
6,110001_1006,0.2 PCT ANNUAL CHANCE FLOOD HAZARD,,F,-9999,,-9999,,-9999,,,-9999,-9999,110001_STUDY1,,,X500,285.102038946679,540.923014816271,110001,1.1.1.0,0.2 PCT ANNUAL CHANCE FLOOD HAZARD,,NP,,https://msc.fema.gov/portal/home
7,110001_1012,0.2 PCT ANNUAL CHANCE FLOOD HAZARD,,F,-9999,,-9999,,-9999,,,-9999,-9999,110001_STUDY1,,,X500,158.392697209847,180.547966885706,110001,1.1.1.0,0.2 PCT ANNUAL CHANCE FLOOD HAZARD,,NP,,https://msc.fema.gov/portal/home
8,110001_817,0.2 PCT ANNUAL CHANCE FLOOD HAZARD,,F,-9999,,-9999,,-9999,,,-9999,-9999,110001_STUDY1,,,X500,642.80421092187,11020.8040363797,110001,1.1.1.0,0.2 PCT ANNUAL CHANCE FLOOD HAZARD,,NP,,https://msc.fema.gov/portal/home
9,110001_819,AE,,T,-9999,,-9999,,-9999,,,-9999,-9999,110001_STUDY1,,,AE,883.493832497381,5647.43080381696,110001,1.1.1.0,,,NP,,https://msc.fema.gov/portal/home
10,110001_822,0.2 PCT ANNUAL CHANCE FLOOD HAZARD,,F,-9999,,-9999,,-9999,,,-9999,-9999,110001_STUDY1,,,X500,647.854126145533,2680.07669999999,110001,1.1.1.0,0.2 PCT ANNUAL CHANCE FLOOD HAZARD,,NP,,https://msc.fema.gov/portal/home
11,110001_1016,0.2 PCT ANNUAL CHANCE FLOOD HAZARD,,F,-9999,,-9999,,-9999,,,-9999,-9999,110001_STUDY1,,,X500,1765.79785953063,7999.58390210285,110001,1.1.1.0,0.2 PCT ANNUAL CHANCE FLOOD HAZARD,,NP,,https://msc.fema.gov/portal/home
12,110001_1017,0.2 PCT ANNUAL CHANCE FLOOD HAZARD,,F,-9999,,-9999,,-9999,,,-9999,-9999,110001_STUDY1,,,X500,160.787192099308,170.840669209554,110001,1.1.1.0,0.2 PCT ANNUAL CHANCE FLOOD HAZARD,,NP,,https://msc.fema.gov/portal/home
13,110001_827,0.2 PCT ANNUAL CHANCE FLOOD HAZARD,,F,-9999,,-9999,,-9999,,,-9999,-9999,110001_STUDY1,,,X500,268.510241425745,305.559318941638,110001,1.1.1.0,0.2 PCT ANNUAL CHANCE FLOOD HAZARD,,NP,,https://msc.fema.gov/portal/home
14,110001_829,0.2 PCT ANNUAL CHANCE FLOOD HAZARD,,F,-9999,,-9999,,-9999,,,-9999,-9999,110001_STUDY1,,,X500,204.154265881549,282.740257607868,110001,1.1.1.0,0.2 PCT ANNUAL CHANCE FLOOD HAZARD,,NP,,https://msc.fema.gov/portal/home
15,110001_832,AE,,T,-9999,,-9999,,-9999,,,-9999,-9999,110001_STUDY1,,,AE,12341.6695173551,213370.597395311,110001,1.1.1.0,,,NP,,https://msc.fema.gov/portal/home
16,110001_683,X,,F,-9999,,-9999,,-9999,,,-9999,-9999,110001_STUDY1,,,X,120.264678148575,766.121425987399,110001,1.1.1.0,AREA OF MINIMAL FLOOD HAZARD,,NP,,https://msc.fema.gov/portal/home
17,110001_680,0.2 PCT ANNUAL CHANCE FLOOD HAZARD,,F,-9999,,-9999,,-9999,,,-9999,-9999,110001_STUDY1,,,X500,766.027525583252,5462.55427160171,110001,1.1.1.0,0.2 PCT ANNUAL CHANCE FLOOD HAZARD,,NP,,https://msc.fema.gov/portal/home
18,110001_1015,0.2 PCT ANNUAL CHANCE FLOOD HAZARD,,F,-9999,,-9999,,-9999,,,-9999,-9999,110001_STUDY1,,,X500,371.524820337275,434.525092483605,110001,1.1.1.0,0.2 PCT ANNUAL CHANCE FLOOD HAZARD,,NP,,https://msc.fema.gov/portal/home
19,110001_1072,A,,T,-9999,,-9999,,-9999,,,-9999,-9999,110001_STUDY1,,,A,4380.98216819258,43216.3966349631,110001,1.1.1.0,,,NP,,https://msc.fema.gov/portal/home
20,110001_1066,0.2 PCT ANNUAL CHANCE FLOOD HAZARD,,F,-9999,,-9999,,-9999,,,-9999,-9999,110001_STUDY1,,,X500,107.240667117411,176.218151769942,110001,1.1.1.0,0.2 PCT ANNUAL CHANCE FLOOD HAZARD,,NP,,https://msc.fema.gov/portal/home
21,110001_868,0.2 PCT ANNUAL CHANCE FLOOD HAZARD,,F,-9999,,-9999,,-9999,,,-9999,-9999,110001_STUDY1,,,X500,907.449087253348,3465.75112168605,110001,1.1.1.0,0.2 PCT ANNUAL CHANCE FLOOD HAZARD,,NP,,https://msc.fema.gov/portal/home
22,110001_1083,0.2 PCT ANNUAL CHANCE FLOOD HAZARD,,F,-9999,,-9999,,-9999,,,-9999,-9999,110001_STUDY1,,,X500,1081.49864233974,1743.4900397977,110001,1.1.1.0,0.2 PCT ANNUAL CHANCE FLOOD HAZARD,,NP,,https://msc.fema.gov/portal/home
23,110001_908,X,,F,-9999,,-9999,,-9999,,,-9999,-9999,110001_STUDY1,,,X,53.7675345426871,171.64830062371,110001,1.1.1.0,AREA OF MINIMAL FLOOD HAZARD,,NP,,https://msc.fema.gov/portal/home
24,110001_909,0.2 PCT ANNUAL CHANCE FLOOD HAZARD,,F,-9999,,-9999,,-9999,,,-9999,-9999,110001_STUDY1,,,X500,1232.73932406345,6476.05295692738,110001,1.1.1.0,0.2 PCT ANNUAL CHANCE FLOOD HAZARD,,NP,,https://msc.fema.gov/portal/home
25,110001_912,X,,F,-9999,,-9999,,-9999,,,-9999,-9999,110001_STUDY1,,,X,103.601207275367,708.713416194285,110001,1.1.1.0,AREA OF MINIMAL FLOOD HAZARD,,NP,,https://msc.fema.gov/portal/home
26,110001_794,0.2 PCT ANNUAL CHANCE FLOOD HAZARD,,F,-9999,,-9999,,-9999,,,-9999,-9999,110001_STUDY1,,,X500,519.394104103044,736.366411177432,110001,1.1.1.0,0.2 PCT ANNUAL CHANCE FLOOD HAZARD,,NP,,https://msc.fema.gov/portal/home
27,110001_871,AE,FLOODWAY,T,-9999,,-9999,,-9999,,,-9999,-9999,110001_STUDY1,,,AE,2272.67519317341,19609.0908903895,110001,1.1.1.0,FLOODWAY,,NP,,https://msc.fema.gov/portal/home
28,110001_874,X,,F,-9999,,-9999,,-9999,,,-9999,-9999,110001_STUDY1,,,X,360.216918104823,4271.77690519841,110001,1.1.1.0,AREA OF MINIMAL FLOOD HAZARD,,NP,,https://msc.fema.gov/portal/home
29,110001_877,X,,F,-9999,,-9999,,-9999,,,-9999,-9999,110001_STUDY1,,,X,1608.63843323398,74613.8656072958,110001,1.1.1.0,AREA OF MINIMAL FLOOD HAZARD,,NP,,https://msc.fema.gov/portal/home
30,110001_1013,AE,,T,-9999,,-9999,,-9999,,,-9999,-9999,110001_STUDY1,,,AE,1758.56203556579,29064.2674227843,110001,1.1.1.0,,,NP,,https://msc.fema.gov/portal/home
31,110001_849,AE,,T,-9999,,-9999,,-9999,,,-9999,-9999,110001_STUDY1,,,AE,925.537321003252,20789.8515989219,110001,1.1.1.0,,,NP,,https://msc.fema.gov/portal/home
32,110001_648,0.2 PCT ANNUAL CHANCE FLOOD HAZARD,,F,-9999,,-9999,,-9999,,,-9999,-9999,110001_STUDY1,,,X500,741.680741070683,3182.34011290811,110001,1.1.1.0,0.2 PCT ANNUAL CHANCE FLOOD HAZARD,,NP,,https://msc.fema.gov/portal/home
33,110001_649,0.2 PCT ANNUAL CHANCE FLOOD HAZARD,,F,-9999,,-9999,,-9999,,,-9999,-9999,110001_STUDY1,,,X500,650.88154180821,2708.92540967008,110001,1.1.1.0,0.2 PCT ANNUAL CHANCE FLOOD HAZARD,,NP,,https://msc.fema.gov/portal/home
34,110001_792,X,,F,-9999,,-9999,,-9999,,,-9999,-9999,110001_STUDY1,,,X,1487.5879749299,38052.9969796095,110001,1.1.1.0,AREA OF MINIMAL FLOOD HAZARD,,NP,,https://msc.fema.gov/portal/home
35,110001_771,0.2 PCT ANNUAL CHANCE FLOOD HAZARD,,F,-9999,,-9999,,-9999,,,-9999,-9999,110001_STUDY1,,,X500,2281.22781535136,5992.70482673487,110001,1.1.1.0,0.2 PCT ANNUAL CHANCE FLOOD HAZARD,,NP,,https://msc.fema.gov/portal/home
36,110001_1118,0.2 PCT ANNUAL CHANCE FLOOD HAZARD,,F,-9999,,-9999,,-9999,,,-9999,-9999,110001_STUDY1,,,X500,189.204027859757,931.084177905706,110001,1.1.1.0,0.2 PCT ANNUAL CHANCE FLOOD HAZARD,,NP,,https://msc.fema.gov/portal/home
37,110001_1085,0.2 PCT ANNUAL CHANCE FLOOD HAZARD,,F,-9999,,-9999,,-9999,,,-9999,-9999,110001_STUDY1,,,X500,977.658967372193,1113.06829569099,110001,1.1.1.0,0.2 PCT ANNUAL CHANCE FLOOD HAZARD,,NP,,https://msc.fema.gov/portal/home
38,110001_697,AE,,T,-9999,,-9999,,-9999,,,-9999,-9999,110001_STUDY1,,,AE,1339.1711005605,3204.58660110298,110001,1.1.1.0,,,NP,,https://msc.fema.gov/portal/home
39,110001_689,0.2 PCT ANNUAL CHANCE FLOOD HAZARD,,F,-9999,,-9999,,-9999,,,-9999,-9999,110001_STUDY1,,,X500,2486.97397796878,18275.3586012666,110001,1.1.1.0,0.2 PCT ANNUAL CHANCE FLOOD HAZARD,,NP,,https://msc.fema.gov/portal/home
40,110001_690,X,,F,-9999,,-9999,,-9999,,,-9999,-9999,110001_STUDY1,,,X,873.758256639112,13509.2205483919,110001,1.1.1.0,AREA OF MINIMAL FLOOD HAZARD,,NP,,https://msc.fema.gov/portal/home
41,110001_887,0.2 PCT ANNUAL CHANCE FLOOD HAZARD,,F,-9999,,-9999,,-9999,,,-9999,-9999,110001_STUDY1,,,X500,195.532367704635,378.246974322518,110001,1.1.1.0,0.2 PCT ANNUAL CHANCE FLOOD HAZARD,,NP,,https://msc.fema.gov/portal/home
42,110001_869,0.2 PCT ANNUAL CHANCE FLOOD HAZARD,,F,-9999,,-9999,,-9999,,,-9999,-9999,110001_STUDY1,,,X500,679.250783272594,862.756458623453,110001,1.1.1.0,0.2 PCT ANNUAL CHANCE FLOOD HAZARD,,NP,,https://msc.fema.gov/portal/home
43,110001_870,0.2 PCT ANNUAL CHANCE FLOOD HAZARD,,F,-9999,,-9999,,-9999,,,-9999,-9999,110001_STUDY1,,,X500,135.104480515894,276.771156628887,110001,1.1.1.0,0.2 PCT ANNUAL CHANCE FLOOD HAZARD,,NP,,https://msc.fema.gov/portal/home
44,110001_686,A,,T,-9999,,-9999,,-9999,,,-9999,-9999,110001_STUDY1,,,A,297.002211626243,2224.5181352713,110001,1.1.1.0,,,NP,,https://msc.fema.gov/portal/home
45,110001_688,0.2 PCT ANNUAL CHANCE FLOOD HAZARD,,F,-9999,,-9999,,-9999,,,-9999,-9999,110001_STUDY1,,,X500,3512.16655476618,13909.6139140036,110001,1.1.1.0,0.2 PCT ANNUAL CHANCE FLOOD HAZARD,,NP,,https://msc.fema.gov/portal/home
46,110001_719,0.2 PCT ANNUAL CHANCE FLOOD HAZARD,,F,-9999,,-9999,,-9999,,,-9999,-9999,110001_STUDY1,,,X500,3413.60805949148,9289.57145223319,110001,1.1.1.0,0.2 PCT ANNUAL CHANCE FLOOD HAZARD,,NP,,https://msc.fema.gov/portal/home
47,110001_720,0.2 PCT ANNUAL CHANCE FLOOD HAZARD,,F,-9999,,-9999,,-9999,,,-9999,-9999,110001_STUDY1,,,X500,7194.63693637599,112746.81422842,110001,1.1.1.0,0.2 PCT ANNUAL CHANCE FLOOD HAZARD,,NP,,https://msc.fema.gov/portal/home
48,110001_691,A,,T,-9999,,-9999,,-9999,,,-9999,-9999,110001_STUDY1,,,A,2141.01113828815,15818.1687154094,110001,1.1.1.0,,,NP,,https://msc.fema.gov/portal/home
49,110001_833,0.2 PCT ANNUAL CHANCE FLOOD HAZARD,,F,-9999,,-9999,,-9999,,,-9999,-9999,110001_STUDY1,,,X500,241.220512901523,966.373502947937,110001,1.1.1.0,0.2 PCT ANNUAL CHANCE FLOOD HAZARD,,NP,,https://msc.fema.gov/portal/home
50,110001_836,X,,F,-9999,,-9999,,-9999,,,-9999,-9999,110001_STUDY1,,,X,41.3832631474407,101.227412346386,110001,1.1.1.0,AREA OF MINIMAL FLOOD HAZARD,,NP,,https://msc.fema.gov/portal/home
51,110001_837,AE,,T,-9999,,-9999,,-9999,,,-9999,-9999,110001_STUDY1,,,AE,971.03433235502,1861.84515509838,110001,1.1.1.0,,,NP,,https://msc.fema.gov/portal/home
52,110001_839,X,,F,-9999,,-9999,,-9999,,,-9999,-9999,110001_STUDY1,,,X,328.321745628096,4612.88356065682,110001,1.1.1.0,AREA OF MINIMAL FLOOD HAZARD,,NP,,https://msc.fema.gov/portal/home
53,110001_842,0.2 PCT ANNUAL CHANCE FLOOD HAZARD,,F,-9999,,-9999,,-9999,,,-9999,-9999,110001_STUDY1,,,X500,233.766598255491,1210.7464908969,110001,1.1.1.0,0.2 PCT ANNUAL CHANCE FLOOD HAZARD,,NP,,https://msc.fema.gov/portal/home
54,110001_846,0.2 PCT ANNUAL CHANCE FLOOD HAZARD,,F,-9999,,-9999,,-9999,,,-9999,-9999,110001_STUDY1,,,X500,118.111737898716,167.867894109494,110001,1.1.1.0,0.2 PCT ANNUAL CHANCE FLOOD HAZARD,,NP,,https://msc.fema.gov/portal/home
55,110001_1067,0.2 PCT ANNUAL CHANCE FLOOD HAZARD,,F,-9999,,-9999,,-9999,,,-9999,-9999,110001_STUDY1,,,X500,1153.01627052546,3527.12395888648,110001,1.1.1.0,0.2 PCT ANNUAL CHANCE FLOOD HAZARD,,NP,,https://msc.fema.gov/portal/home
56,110001_883,A,,T,-9999,,-9999,,-9999,,,-9999,-9999,110001_STUDY1,,,A,564.585544355521,2780.03948069781,110001,1.1.1.0,,,NP,,https://msc.fema.gov/portal/home
57,110001_884,X,,F,-9999,,-9999,,-9999,,,-9999,-9999,110001_STUDY1,,,X,531.379881466167,867.214532479637,110001,1.1.1.0,AREA OF MINIMAL FLOOD HAZARD,,NP,,https://msc.fema.gov/portal/home
58,110001_886,AE,FLOODWAY,T,-9999,,-9999,,-9999,,,-9999,-9999,110001_STUDY1,,,AE,9911.82611817136,267242.671964054,110001,1.1.1.0,FLOODWAY,,NP,,https://msc.fema.gov/portal/home
59,110001_999,0.2 PCT ANNUAL CHANCE FLOOD HAZARD,,F,-9999,,-9999,,-9999,,,-9999,-9999,110001_STUDY1,,,X500,3013.78575105982,60353.7290675047,110001,1.1.1.0,0.2 PCT ANNUAL CHANCE FLOOD HAZARD,,NP,,https://msc.fema.gov/portal/home
60,110001_699,0.2 PCT ANNUAL CHANCE FLOOD HAZARD,,F,-9999,,-9999,,-9999,,,-9999,-9999,110001_STUDY1,,,X500,1414.70174509608,9706.66574048452,110001,1.1.1.0,0.2 PCT ANNUAL CHANCE FLOOD HAZARD,,NP,,https://msc.fema.gov/portal/home
61,110001_700,0.2 PCT ANNUAL CHANCE FLOOD HAZARD,,F,-9999,,-9999,,-9999,,,-9999,-9999,110001_STUDY1,,,X500,122.857781688236,137.80872597601,110001,1.1.1.0,0.2 PCT ANNUAL CHANCE FLOOD HAZARD,,NP,,https://msc.fema.gov/portal/home
62,110001_704,0.2 PCT ANNUAL CHANCE FLOOD HAZARD,,F,-9999,,-9999,,-9999,,,-9999,-9999,110001_STUDY1,,,X500,5333.64029034817,84149.5391812747,110001,1.1.1.0,0.2 PCT ANNUAL CHANCE FLOOD HAZARD,,NP,,https://msc.fema.gov/portal/home
63,110001_705,0.2 PCT ANNUAL CHANCE FLOOD HAZARD,,F,-9999,,-9999,,-9999,,,-9999,-9999,110001_STUDY1,,,X500,239.021317829199,530.293295848057,110001,1.1.1.0,0.2 PCT ANNUAL CHANCE FLOOD HAZARD,,NP,,https://msc.fema.gov/portal/home
64,110001_706,X,,F,-9999,,-9999,,-9999,,,-9999,-9999,110001_STUDY1,,,X,460.432082586608,2275.69972120604,110001,1.1.1.0,AREA OF MINIMAL FLOOD HAZARD,,NP,,https://msc.fema.gov/portal/home
65,110001_881,0.2 PCT ANNUAL CHANCE FLOOD HAZARD,,F,-9999,,-9999,,-9999,,,-9999,-9999,110001_STUDY1,,,X500,171.391864621895,274.617009492734,110001,1.1.1.0,0.2 PCT ANNUAL CHANCE FLOOD HAZARD,,NP,,https://msc.fema.gov/portal/home
66,110001_882,0.2 PCT ANNUAL CHANCE FLOOD HAZARD,,F,-9999,,-9999,,-9999,,,-9999,-9999,110001_STUDY1,,,X500,242.223312846948,601.302268663468,110001,1.1.1.0,0.2 PCT ANNUAL CHANCE FLOOD HAZARD,,NP,,https://msc.fema.gov/portal/home
67,110001_1071,0.2 PCT ANNUAL CHANCE FLOOD HAZARD,,F,-9999,,-9999,,-9999,,,-9999,-9999,110001_STUDY1,,,X500,559.404312522358,4963.62194884591,110001,1.1.1.0,0.2 PCT ANNUAL CHANCE FLOOD HAZARD,,NP,,https://msc.fema.gov/portal/home
68,110001_675,0.2 PCT ANNUAL CHANCE FLOOD HAZARD,,F,-9999,,-9999,,-9999,,,-9999,-9999,110001_STUDY1,,,X500,3112.44286974968,41994.3036162147,110001,1.1.1.0,0.2 PCT ANNUAL CHANCE FLOOD HAZARD,,NP,,https://msc.fema.gov/portal/home
69,110001_676,X,,F,-9999,,-9999,,-9999,,,-9999,-9999,110001_STUDY1,,,X,121.487561829222,851.834657073328,110001,1.1.1.0,AREA OF MINIMAL FLOOD HAZARD,,NP,,https://msc.fema.gov/portal/home
70,110001_677,0.2 PCT ANNUAL CHANCE FLOOD HAZARD,,F,-9999,,-9999,,-9999,,,-9999,-9999,110001_STUDY1,,,X500,237.181684546324,474.715024242847,110001,1.1.1.0,0.2 PCT ANNUAL CHANCE FLOOD HAZARD,,NP,,https://msc.fema.gov/portal/home
71,110001_681,0.2 PCT ANNUAL CHANCE FLOOD HAZARD,,F,-9999,,-9999,,-9999,,,-9999,-9999,110001_STUDY1,,,X500,651.081482313364,1182.4916042906,110001,1.1.1.0,0.2 PCT ANNUAL CHANCE FLOOD HAZARD,,NP,,https://msc.fema.gov/portal/home
72,110001_682,0.2 PCT ANNUAL CHANCE FLOOD HAZARD,,F,-9999,,-9999,,-9999,,,-9999,-9999,110001_STUDY1,,,X500,411.021010809961,572.214568246292,110001,1.1.1.0,0.2 PCT ANNUAL CHANCE FLOOD HAZARD,,NP,,https://msc.fema.gov/portal/home
73,110001_892,A,,T,-9999,,-9999,,-9999,,,-9999,-9999,110001_STUDY1,,,A,1489.25199349316,20188.3874741248,110001,1.1.1.0,,,NP,,https://msc.fema.gov/portal/home
74,110001_894,0.2 PCT ANNUAL CHANCE FLOOD HAZARD,,F,-9999,,-9999,,-9999,,,-9999,-9999,110001_STUDY1,,,X500,312.164593526758,1395.35737123595,110001,1.1.1.0,0.2 PCT ANNUAL CHANCE FLOOD HAZARD,,NP,,https://msc.fema.gov/portal/home
75,110001_895,0.2 PCT ANNUAL CHANCE FLOOD HAZARD,,F,-9999,,-9999,,-9999,,,-9999,-9999,110001_STUDY1,,,X500,190.044163238394,435.776144651132,110001,1.1.1.0,0.2 PCT ANNUAL CHANCE FLOOD HAZARD,,NP,,https://msc.fema.gov/portal/home
76,110001_901,X,,F,-9999,,-9999,,-9999,,,-9999,-9999,110001_STUDY1,,,X,145.146535961174,1569.24568564466,110001,1.1.1.0,AREA OF MINIMAL FLOOD HAZARD,,NP,,https://msc.fema.gov/portal/home
77,110001_950,0.2 PCT ANNUAL CHANCE FLOOD HAZARD,,F,-9999,,-9999,,-9999,,,-9999,-9999,110001_STUDY1,,,X500,443.067123019151,1664.29867041321,110001,1.1.1.0,0.2 PCT ANNUAL CHANCE FLOOD HAZARD,,NP,,https://msc.fema.gov/portal/home
78,110001_1295,0.2 PCT ANNUAL CHANCE FLOOD HAZARD,,F,-9999,,-9999,,-9999,,,-9999,-9999,110001_LOMC4,,,X500,2223.94642831813,31311.4630254314,110001,1.1.1.0,0.2 PCT ANNUAL CHANCE FLOOD HAZARD,,NP,,https://msc.fema.gov/portal/home
79,110001_1296,X,,F,-9999,,-9999,,-9999,,,-9999,-9999,110001_LOMC4,,,X,57.246772125615,75.2670921316218,110001,1.1.1.0,AREA WITH REDUCED FLOOD RISK DUE TO LEVEE,,NP,,https://msc.fema.gov/portal/home
80,110001_1297,X,,F,-9999,,-9999,,-9999,,,-9999,-9999,110001_LOMC4,,,X,77.7403229778254,153.054908356437,110001,1.1.1.0,AREA WITH REDUCED FLOOD RISK DUE TO LEVEE,,NP,,https://msc.fema.gov/portal/home
81,110001_1298,X,,F,-9999,,-9999,,-9999,,,-9999,-9999,110001_LOMC4,,,X,96.7496096826214,145.699248907751,110001,1.1.1.0,AREA OF MINIMAL FLOOD HAZARD,,NP,,https://msc.fema.gov/portal/home
82,110001_1292,X,,F,-9999,,-9999,,-9999,,,-9999,-9999,110001_LOMC4,,,X,2.62642922286248,0.0879047938508606,110001,1.1.1.0,AREA WITH REDUCED FLOOD RISK DUE TO LEVEE,,NP,,https://msc.fema.gov/portal/home
83,110001_1293,X,,F,-9999,,-9999,,-9999,,,-9999,-9999,110001_LOMC4,,,X,16.6228885832479,7.51326396598367,110001,1.1.1.0,AREA WITH REDUCED FLOOD RISK DUE TO LEVEE,,NP,,https://msc.fema.gov/portal/home
84,110001_1294,0.2 PCT ANNUAL CHANCE FLOOD HAZARD,,F,-9999,,-9999,,-9999,,,-9999,-9999,110001_LOMC4,,,X500,1260.83949133689,12198.2839386688,110001,1.1.1.0,0.2 PCT ANNUAL CHANCE FLOOD HAZARD,,NP,,https://msc.fema.gov/portal/home
85,110001_1299,X,,F,-9999,,-9999,,-9999,,,-9999,-9999,110001_LOMC4,,,X,248.420965255492,658.480158828926,110001,1.1.1.0,AREA WITH REDUCED FLOOD RISK DUE TO LEVEE,,NP,,https://msc.fema.gov/portal/home
86,110001_1300,X,,F,-9999,,-9999,,-9999,,,-9999,-9999,110001_LOMC4,,,X,284.368087650445,2615.01720817767,110001,1.1.1.0,AREA WITH REDUCED FLOOD RISK DUE TO LEVEE,,NP,,https://msc.fema.gov/portal/home
87,110001_1301,AE,,T,11.2,NAVD88,-9999,Feet,-9999,,,-9999,-9999,110001_LOMC4,,,AE,430.511382285472,3029.57771914421,110001,1.1.1.0,,,NP,,https://msc.fema.gov/portal/home
88,110001_1302,X,,F,-9999,,-9999,,-9999,,,-9999,-9999,110001_LOMC4,,,X,230.609665570864,2249.51013517434,110001,1.1.1.0,AREA WITH REDUCED FLOOD RISK DUE TO LEVEE,,NP,,https://msc.fema.gov/portal/home
89,110001_1303,X,,F,-9999,,-9999,,-9999,,,-9999,-9999,110001_LOMC4,,,X,53.9476873065071,38.5712927926068,110001,1.1.1.0,AREA WITH REDUCED FLOOD RISK DUE TO LEVEE,,NP,,https://msc.fema.gov/portal/home
90,110001_1092,0.2 PCT ANNUAL CHANCE FLOOD HAZARD,,F,-9999,,-9999,,-9999,,,-9999,-9999,110001_STUDY1,,,X500,519.554593431778,910.482382165471,110001,1.1.1.0,0.2 PCT ANNUAL CHANCE FLOOD HAZARD,,NP,,https://msc.fema.gov/portal/home
91,110001_1093,0.2 PCT ANNUAL CHANCE FLOOD HAZARD,,F,-9999,,-9999,,-9999,,,-9999,-9999,110001_STUDY1,,,X500,230.976142523321,266.859278820117,110001,1.1.1.0,0.2 PCT ANNUAL CHANCE FLOOD HAZARD,,NP,,https://msc.fema.gov/portal/home
92,110001_918,0.2 PCT ANNUAL CHANCE FLOOD HAZARD,,F,-9999,,-9999,,-9999,,,-9999,-9999,110001_STUDY1,,,X500,199.972791196746,298.087606581328,110001,1.1.1.0,0.2 PCT ANNUAL CHANCE FLOOD HAZARD,,NP,,https://msc.fema.gov/portal/home
93,110001_989,0.2 PCT ANNUAL CHANCE FLOOD HAZARD,,F,-9999,,-9999,,-9999,,,-9999,-9999,110001_STUDY1,,,X500,1534.484125813,7673.42315598419,110001,1.1.1.0,0.2 PCT ANNUAL CHANCE FLOOD HAZARD,,NP,,https://msc.fema.gov/portal/home
94,110001_991,0.2 PCT ANNUAL CHANCE FLOOD HAZARD,,F,-9999,,-9999,,-9999,,,-9999,-9999,110001_STUDY1,,,X500,697.870041572824,1284.35841016625,110001,1.1.1.0,0.2 PCT ANNUAL CHANCE FLOOD HAZARD,,NP,,https://msc.fema.gov/portal/home
95,110001_1217,0.2 PCT ANNUAL CHANCE FLOOD HAZARD,,F,-9999,,-9999,,-9999,,,-9999,-9999,110001_STUDY1,,,X500,303.342269796556,642.996337453379,110001,1.1.1.0,0.2 PCT ANNUAL CHANCE FLOOD HAZARD,,NP,,https://msc.fema.gov/portal/home
96,110001_1218,0.2 PCT ANNUAL CHANCE FLOOD HAZARD,,F,-9999,,-9999,,-9999,,,-9999,-9999,110001_STUDY1,,,X500,478.960462922337,725.110689414799,110001,1.1.1.0,0.2 PCT ANNUAL CHANCE FLOOD HAZARD,,NP,,https://msc.fema.gov/portal/home
97,110001_1219,0.2 PCT ANNUAL CHANCE FLOOD HAZARD,,F,-9999,,-9999,,-9999,,,-9999,-9999,110001_STUDY1,,,X500,4615.44190840398,27373.7269697521,110001,1.1.1.0,0.2 PCT ANNUAL CHANCE FLOOD HAZARD,,NP,,https://msc.fema.gov/portal/home
98,110001_1048,A,,T,-9999,,-9999,,-9999,,,-9999,-9999,110001_STUDY1,,,A,2173.07617498651,18965.0966542309,110001,1.1.1.0,,,NP,,https://msc.fema.gov/portal/home
99,110001_647,0.2 PCT ANNUAL CHANCE FLOOD HAZARD,,F,-9999,,-9999,,-9999,,,-9999,-9999,110001_STUDY1,,,X500,3902.469718564,11705.2751574649,110001,1.1.1.0,0.2 PCT ANNUAL CHANCE FLOOD HAZARD,,NP,,https://msc.fema.gov/portal/home
100,110001_1175,0.2 PCT ANNUAL CHANCE FLOOD HAZARD,,F,-9999,,-9999,,-9999,,,-9999,-9999,110001_STUDY1,,,X500,2021.34370466872,5981.53346996138,110001,1.1.1.0,0.2 PCT ANNUAL CHANCE FLOOD HAZARD,,NP,,https://msc.fema.gov/portal/home
101,110001_1178,0.2 PCT ANNUAL CHANCE FLOOD HAZARD,,F,-9999,,-9999,,-9999,,,-9999,-9999,110001_STUDY1,,,X500,247.80345355495,405.857774853331,110001,1.1.1.0,0.2 PCT ANNUAL CHANCE FLOOD HAZARD,,NP,,https://msc.fema.gov/portal/home
102,110001_1180,0.2 PCT ANNUAL CHANCE FLOOD HAZARD,,F,-9999,,-9999,,-9999,,,-9999,-9999,110001_STUDY1,,,X500,330.44717882791,576.31956541767,110001,1.1.1.0,0.2 PCT ANNUAL CHANCE FLOOD HAZARD,,NP,,https://msc.fema.gov/portal/home
103,110001_965,0.2 PCT ANNUAL CHANCE FLOOD HAZARD,,F,-9999,,-9999,,-9999,,,-9999,-9999,110001_STUDY1,,,X500,92.8815695365678,210.247037622564,110001,1.1.1.0,0.2 PCT ANNUAL CHANCE FLOOD HAZARD,,NP,,https://msc.fema.gov/portal/home
104,110001_994,0.2 PCT ANNUAL CHANCE FLOOD HAZARD,,F,-9999,,-9999,,-9999,,,-9999,-9999,110001_STUDY1,,,X500,353.446193410288,555.204237732524,110001,1.1.1.0,0.2 PCT ANNUAL CHANCE FLOOD HAZARD,,NP,,https://msc.fema.gov/portal/home
105,110001_723,X,,F,-9999,,-9999,,-9999,,,-9999,-9999,110001_STUDY1,,,X,11.0209321276555,7.24688897273548,110001,1.1.1.0,AREA OF MINIMAL FLOOD HAZARD,,NP,,https://msc.fema.gov/portal/home
106,110001_724,AE,,T,-9999,,-9999,,-9999,,,-9999,-9999,110001_STUDY1,,,AE,1593.57364515934,5107.72909217758,110001,1.1.1.0,,,NP,,https://msc.fema.gov/portal/home
107,110001_731,0.2 PCT ANNUAL CHANCE FLOOD HAZARD,,F,-9999,,-9999,,-9999,,,-9999,-9999,110001_STUDY1,,,X500,99.2738538883075,112.956655702208,110001,1.1.1.0,0.2 PCT ANNUAL CHANCE FLOOD HAZARD,,NP,,https://msc.fema.gov/portal/home
108,110001_737,X,,F,-9999,,-9999,,-9999,,,-9999,-9999,110001_STUDY1,,,X,634.919843990997,24814.0623903736,110001,1.1.1.0,AREA OF MINIMAL FLOOD HAZARD,,NP,,https://msc.fema.gov/portal/home
109,110001_733,0.2 PCT ANNUAL CHANCE FLOOD HAZARD,,F,-9999,,-9999,,-9999,,,-9999,-9999,110001_STUDY1,,,X500,345.226353532352,1534.36083973645,110001,1.1.1.0,0.2 PCT ANNUAL CHANCE FLOOD HAZARD,,NP,,https://msc.fema.gov/portal/home
110,110001_1268,AE,,T,-9999,,-9999,,-9999,,,-9999,-9999,110001_LOMC3,,,AE,62.875608617226,152.251361088832,110001,2.1.3.0,,,NP,,https://msc.fema.gov/portal/home
111,110001_1270,X,,F,-9999,,-9999,,-9999,,,-9999,-9999,110001_LOMC4,,,X,51.5778102675232,94.7469482964675,110001,1.1.1.0,AREA OF MINIMAL FLOOD HAZARD,,NP,,https://msc.fema.gov/portal/home
112,110001_864,0.2 PCT ANNUAL CHANCE FLOOD HAZARD,,F,-9999,,-9999,,-9999,,,-9999,-9999,110001_STUDY1,,,X500,412.050958586591,635.780649358441,110001,1.1.1.0,0.2 PCT ANNUAL CHANCE FLOOD HAZARD,,NP,,https://msc.fema.gov/portal/home
113,110001_850,0.2 PCT ANNUAL CHANCE FLOOD HAZARD,,F,-9999,,-9999,,-9999,,,-9999,-9999,110001_STUDY1,,,X500,8716.28283054441,189224.373197834,110001,1.1.1.0,0.2 PCT ANNUAL CHANCE FLOOD HAZARD,,NP,,https://msc.fema.gov/portal/home
114,110001_851,0.2 PCT ANNUAL CHANCE FLOOD HAZARD,,F,-9999,,-9999,,-9999,,,-9999,-9999,110001_STUDY1,,,X500,288.237576489171,433.428537093907,110001,1.1.1.0,0.2 PCT ANNUAL CHANCE FLOOD HAZARD,,NP,,https://msc.fema.gov/portal/home
115,110001_759,0.2 PCT ANNUAL CHANCE FLOOD HAZARD,,F,-9999,,-9999,,-9999,,,-9999,-9999,110001_STUDY1,,,X500,1393.5792474867,13631.9496968138,110001,1.1.1.0,0.2 PCT ANNUAL CHANCE FLOOD HAZARD,,NP,,https://msc.fema.gov/portal/home
116,110001_935,0.2 PCT ANNUAL CHANCE FLOOD HAZARD,,F,-9999,,-9999,,-9999,,,-9999,-9999,110001_STUDY1,,,X500,596.669172552387,1368.74975185753,110001,1.1.1.0,0.2 PCT ANNUAL CHANCE FLOOD HAZARD,,NP,,https://msc.fema.gov/portal/home
117,110001_936,0.2 PCT ANNUAL CHANCE FLOOD HAZARD,,F,-9999,,-9999,,-9999,,,-9999,-9999,110001_STUDY1,,,X500,523.656116206466,933.519098650845,110001,1.1.1.0,0.2 PCT ANNUAL CHANCE FLOOD HAZARD,,NP,,https://msc.fema.gov/portal/home
118,110001_937,AE,,T,-9999,,-9999,,-9999,,,-9999,-9999,110001_STUDY1,,,AE,524.146106944584,8142.27037326701,110001,1.1.1.0,,,NP,,https://msc.fema.gov/portal/home
119,110001_939,0.2 PCT ANNUAL CHANCE FLOOD HAZARD,,F,-9999,,-9999,,-9999,,,-9999,-9999,110001_STUDY1,,,X500,376.669751145363,1891.22631251272,110001,1.1.1.0,0.2 PCT ANNUAL CHANCE FLOOD HAZARD,,NP,,https://msc.fema.gov/portal/home
120,110001_931,0.2 PCT ANNUAL CHANCE FLOOD HAZARD,,F,-9999,,-9999,,-9999,,,-9999,-9999,110001_STUDY1,,,X500,1471.73259535826,19370.0246190122,110001,1.1.1.0,0.2 PCT ANNUAL CHANCE FLOOD HAZARD,,NP,,https://msc.fema.gov/portal/home
121,110001_932,X,,F,-9999,,-9999,,-9999,,,-9999,-9999,110001_STUDY1,,,X,59.4295713848851,241.89616034219,110001,1.1.1.0,AREA OF MINIMAL FLOOD HAZARD,,NP,,https://msc.fema.gov/portal/home
122,110001_934,0.2 PCT ANNUAL CHANCE FLOOD HAZARD,,F,-9999,,-9999,,-9999,,,-9999,-9999,110001_STUDY1,,,X500,19.6342782435892,26.9851257784131,110001,1.1.1.0,0.2 PCT ANNUAL CHANCE FLOOD HAZARD,,NP,,https://msc.fema.gov/portal/home
123,110001_940,0.2 PCT ANNUAL CHANCE FLOOD HAZARD,,F,-9999,,-9999,,-9999,,,-9999,-9999,110001_STUDY1,,,X500,188.161524511387,486.95401594185,110001,1.1.1.0,0.2 PCT ANNUAL CHANCE FLOOD HAZARD,,NP,,https://msc.fema.gov/portal/home
124,110001_655,0.2 PCT ANNUAL CHANCE FLOOD HAZARD,,F,-9999,,-9999,,-9999,,,-9999,-9999,110001_STUDY1,,,X500,1433.35289161389,3312.59175232592,110001,1.1.1.0,0.2 PCT ANNUAL CHANCE FLOOD HAZARD,,NP,,https://msc.fema.gov/portal/home
125,110001_657,X,,F,-9999,,-9999,,-9999,,,-9999,-9999,110001_STUDY1,,,X,1817.92989710332,107142.903867565,110001,1.1.1.0,AREA OF MINIMAL FLOOD HAZARD,,NP,,https://msc.fema.gov/portal/home
126,110001_658,0.2 PCT ANNUAL CHANCE FLOOD HAZARD,,F,-9999,,-9999,,-9999,,,-9999,-9999,110001_STUDY1,,,X500,9531.61235788874,462351.249553297,110001,1.1.1.0,0.2 PCT ANNUAL CHANCE FLOOD HAZARD,,NP,,https://msc.fema.gov/portal/home
127,110001_812,0.2 PCT ANNUAL CHANCE FLOOD HAZARD,,F,-9999,,-9999,,-9999,,,-9999,-9999,110001_STUDY1,,,X500,343.876644650438,704.182291248832,110001,1.1.1.0,0.2 PCT ANNUAL CHANCE FLOOD HAZARD,,NP,,https://msc.fema.gov/portal/home
128,110001_813,0.2 PCT ANNUAL CHANCE FLOOD HAZARD,,F,-9999,,-9999,,-9999,,,-9999,-9999,110001_STUDY1,,,X500,318.568288887586,548.128877365868,110001,1.1.1.0,0.2 PCT ANNUAL CHANCE FLOOD HAZARD,,NP,,https://msc.fema.gov/portal/home
129,110001_1199,0.2 PCT ANNUAL CHANCE FLOOD HAZARD,,F,-9999,,-9999,,-9999,,,-9999,-9999,110001_STUDY1,,,X500,810.861460581784,2757.78112049626,110001,1.1.1.0,0.2 PCT ANNUAL CHANCE FLOOD HAZARD,,NP,,https://msc.fema.gov/portal/home
130,110001_1216,X,,F,-9999,,-9999,,-9999,,,-9999,-9999,110001_STUDY1,,,X,332.951812877925,1078.57178606769,110001,1.1.1.0,AREA OF MINIMAL FLOOD HAZARD,,NP,,https://msc.fema.gov/portal/home
131,110001_975,A,,T,-9999,,-9999,,-9999,,,-9999,-9999,110001_STUDY1,,,A,1240.1530539293,8445.11241887015,110001,1.1.1.0,,,NP,,https://msc.fema.gov/portal/home
132,110001_1094,0.2 PCT ANNUAL CHANCE FLOOD HAZARD,,F,-9999,,-9999,,-9999,,,-9999,-9999,110001_STUDY1,,,X500,489.297482363486,404.44646990773,110001,1.1.1.0,0.2 PCT ANNUAL CHANCE FLOOD HAZARD,,NP,,https://msc.fema.gov/portal/home
133,110001_1151,AE,,T,-9999,,-9999,,-9999,,,-9999,-9999,110001_STUDY1,,,AE,2235.53278958391,18431.1631203443,110001,1.1.1.0,,,NP,,https://msc.fema.gov/portal/home
134,110001_1153,0.2 PCT ANNUAL CHANCE FLOOD HAZARD,,F,-9999,,-9999,,-9999,,,-9999,-9999,110001_STUDY1,,,X500,6997.47545020087,78921.0801041321,110001,1.1.1.0,0.2 PCT ANNUAL CHANCE FLOOD HAZARD,,NP,,https://msc.fema.gov/portal/home
135,110001_1033,A,,T,-9999,,-9999,,-9999,,,-9999,-9999,110001_STUDY1,,,A,363.089586659976,6658.46129545274,110001,1.1.1.0,,,NP,,https://msc.fema.gov/portal/home
136,110001_776,0.2 PCT ANNUAL CHANCE FLOOD HAZARD,,F,-9999,,-9999,,-9999,,,-9999,-9999,110001_STUDY1,,,X500,377.148496540231,281.934993849815,110001,1.1.1.0,0.2 PCT ANNUAL CHANCE FLOOD HAZARD,,NP,,https://msc.fema.gov/portal/home
137,110001_920,0.2 PCT ANNUAL CHANCE FLOOD HAZARD,,F,-9999,,-9999,,-9999,,,-9999,-9999,110001_STUDY1,,,X500,689.482523522855,851.121983432225,110001,1.1.1.0,0.2 PCT ANNUAL CHANCE FLOOD HAZARD,,NP,,https://msc.fema.gov/portal/home
138,110001_925,AE,,T,-9999,,-9999,,-9999,,,-9999,-9999,110001_STUDY1,,,AE,1005.87314618674,816.313149414143,110001,1.1.1.0,,,NP,,https://msc.fema.gov/portal/home
139,110001_926,X,,F,-9999,,-9999,,-9999,,,-9999,-9999,110001_STUDY1,,,X,240.57205045784,1663.63777907977,110001,1.1.1.0,AREA OF MINIMAL FLOOD HAZARD,,NP,,https://msc.fema.gov/portal/home
140,110001_928,0.2 PCT ANNUAL CHANCE FLOOD HAZARD,,F,-9999,,-9999,,-9999,,,-9999,-9999,110001_STUDY1,,,X500,192.151762371249,2321.85829803641,110001,1.1.1.0,0.2 PCT ANNUAL CHANCE FLOOD HAZARD,,NP,,https://msc.fema.gov/portal/home
141,110001_1208,A,,T,-9999,,-9999,,-9999,,,-9999,-9999,110001_STUDY1,,,A,748.051343761287,7903.39296502961,110001,1.1.1.0,,,NP,,https://msc.fema.gov/portal/home
142,110001_1211,0.2 PCT ANNUAL CHANCE FLOOD HAZARD,,F,-9999,,-9999,,-9999,,,-9999,-9999,110001_STUDY1,,,X500,908.374010759803,2461.8859243425,110001,1.1.1.0,0.2 PCT ANNUAL CHANCE FLOOD HAZARD,,NP,,https://msc.fema.gov/portal/home
143,110001_921,X,,F,-9999,,-9999,,-9999,,,-9999,-9999,110001_STUDY1,,,X,296.853327025197,4781.68079570332,110001,1.1.1.0,AREA OF MINIMAL FLOOD HAZARD,,NP,,https://msc.fema.gov/portal/home
144,110001_923,0.2 PCT ANNUAL CHANCE FLOOD HAZARD,,F,-9999,,-9999,,-9999,,,-9999,-9999,110001_STUDY1,,,X500,127.46663007636,156.400490435998,110001,1.1.1.0,0.2 PCT ANNUAL CHANCE FLOOD HAZARD,,NP,,https://msc.fema.gov/portal/home
145,110001_924,0.2 PCT ANNUAL CHANCE FLOOD HAZARD,,F,-9999,,-9999,,-9999,,,-9999,-9999,110001_STUDY1,,,X500,6317.44502087226,36194.3359944447,110001,1.1.1.0,0.2 PCT ANNUAL CHANCE FLOOD HAZARD,,NP,,https://msc.fema.gov/portal/home
146,110001_951,X,,F,-9999,,-9999,,-9999,,,-9999,-9999,110001_STUDY1,,,X,1171.22388030471,27864.8759391006,110001,1.1.1.0,AREA OF MINIMAL FLOOD HAZARD,,NP,,https://msc.fema.gov/portal/home
147,110001_954,0.2 PCT ANNUAL CHANCE FLOOD HAZARD,,F,-9999,,-9999,,-9999,,,-9999,-9999,110001_STUDY1,,,X500,771.967895550697,4274.82165726736,110001,1.1.1.0,0.2 PCT ANNUAL CHANCE FLOOD HAZARD,,NP,,https://msc.fema.gov/portal/home
148,110001_946,X,,F,-9999,,-9999,,-9999,,,-9999,-9999,110001_STUDY1,,,X,122.552515934518,1050.50901629154,110001,1.1.1.0,AREA OF MINIMAL FLOOD HAZARD,,NP,,https://msc.fema.gov/portal/home
149,110001_958,0.2 PCT ANNUAL CHANCE FLOOD HAZARD,,F,-9999,,-9999,,-9999,,,-9999,-9999,110001_STUDY1,,,X500,732.528639418363,1072.69251223758,110001,1.1.1.0,0.2 PCT ANNUAL CHANCE FLOOD HAZARD,,NP,,https://msc.fema.gov/portal/home
150,110001_964,X,,F,-9999,,-9999,,-9999,,,-9999,-9999,110001_STUDY1,,,X,486.859288729521,5158.57919100487,110001,1.1.1.0,AREA OF MINIMAL FLOOD HAZARD,,NP,,https://msc.fema.gov/portal/home
151,110001_905,X,,F,-9999,,-9999,,-9999,,,-9999,-9999,110001_STUDY1,,,X,207.196568150965,1396.9113905851,110001,1.1.1.0,AREA OF MINIMAL FLOOD HAZARD,,NP,,https://msc.fema.gov/portal/home
152,110001_1269,0.2 PCT ANNUAL CHANCE FLOOD HAZARD,,F,-9999,,-9999,,-9999,,,-9999,-9999,110001_STUDY1,,,X500,3271.45743413344,55283.7313668638,110001,1.1.1.0,0.2 PCT ANNUAL CHANCE FLOOD HAZARD,,NP,,https://msc.fema.gov/portal/home
153,110001_997,AE,,T,-9999,,-9999,,-9999,,,-9999,-9999,110001_STUDY1,,,AE,516.964124855237,10325.3994779641,110001,1.1.1.0,,,NP,,https://msc.fema.gov/portal/home
154,110001_998,X,,F,-9999,,-9999,,-9999,,,-9999,-9999,110001_STUDY1,,,X,141.919804662158,1452.82590694964,110001,1.1.1.0,AREA OF MINIMAL FLOOD HAZARD,,NP,,https://msc.fema.gov/portal/home
155,110001_661,0.2 PCT ANNUAL CHANCE FLOOD HAZARD,,F,-9999,,-9999,,-9999,,,-9999,-9999,110001_STUDY1,,,X500,209.564627873676,668.790304698977,110001,1.1.1.0,0.2 PCT ANNUAL CHANCE FLOOD HAZARD,,NP,,https://msc.fema.gov/portal/home
156,110001_664,AE,FLOODWAY,T,-9999,,-9999,,-9999,,,-9999,-9999,110001_STUDY1,,,AE,628.027452902732,7241.05678975936,110001,1.1.1.0,FLOODWAY,,NP,,https://msc.fema.gov/portal/home
157,110001_665,0.2 PCT ANNUAL CHANCE FLOOD HAZARD,,F,-9999,,-9999,,-9999,,,-9999,-9999,110001_STUDY1,,,X500,90.3660005246037,191.960604121713,110001,1.1.1.0,0.2 PCT ANNUAL CHANCE FLOOD HAZARD,,NP,,https://msc.fema.gov/portal/home
158,110001_668,X,,F,-9999,,-9999,,-9999,,,-9999,-9999,110001_STUDY1,,,X,237.231640526963,2007.01397872449,110001,1.1.1.0,AREA OF MINIMAL FLOOD HAZARD,,NP,,https://msc.fema.gov/portal/home
159,110001_751,0.2 PCT ANNUAL CHANCE FLOOD HAZARD,,F,-9999,,-9999,,-9999,,,-9999,-9999,110001_STUDY1,,,X500,617.604079190192,1036.02070472722,110001,1.1.1.0,0.2 PCT ANNUAL CHANCE FLOOD HAZARD,,NP,,https://msc.fema.gov/portal/home
160,110001_752,AE,,T,-9999,,-9999,,-9999,,,-9999,-9999,110001_STUDY1,,,AE,253.370584981144,968.562755680979,110001,1.1.1.0,,,NP,,https://msc.fema.gov/portal/home
161,110001_753,0.2 PCT ANNUAL CHANCE FLOOD HAZARD,,F,-9999,,-9999,,-9999,,,-9999,-9999,110001_STUDY1,,,X500,110.180768069974,118.586592911384,110001,1.1.1.0,0.2 PCT ANNUAL CHANCE FLOOD HAZARD,,NP,,https://msc.fema.gov/portal/home
162,110001_770,0.2 PCT ANNUAL CHANCE FLOOD HAZARD,,F,-9999,,-9999,,-9999,,,-9999,-9999,110001_STUDY1,,,X500,153.090599577278,305.569124622153,110001,1.1.1.0,0.2 PCT ANNUAL CHANCE FLOOD HAZARD,,NP,,https://msc.fema.gov/portal/home
163,110001_742,AE,FLOODWAY,T,-9999,,-9999,,-9999,,,-9999,-9999,110001_STUDY1,,,AE,2310.80315193513,14786.313266742,110001,1.1.1.0,FLOODWAY,,NP,,https://msc.fema.gov/portal/home
164,110001_743,0.2 PCT ANNUAL CHANCE FLOOD HAZARD,,F,-9999,,-9999,,-9999,,,-9999,-9999,110001_STUDY1,,,X500,420.656574518974,846.648156476714,110001,1.1.1.0,0.2 PCT ANNUAL CHANCE FLOOD HAZARD,,NP,,https://msc.fema.gov/portal/home
165,110001_1171,0.2 PCT ANNUAL CHANCE FLOOD HAZARD,,F,-9999,,-9999,,-9999,,,-9999,-9999,110001_STUDY1,,,X500,760.435879478382,1009.06984239119,110001,1.1.1.0,0.2 PCT ANNUAL CHANCE FLOOD HAZARD,,NP,,https://msc.fema.gov/portal/home
166,110001_1036,0.2 PCT ANNUAL CHANCE FLOOD HAZARD,,F,-9999,,-9999,,-9999,,,-9999,-9999,110001_STUDY1,,,X500,4356.31900016433,26827.5811931821,110001,1.1.1.0,0.2 PCT ANNUAL CHANCE FLOOD HAZARD,,NP,,https://msc.fema.gov/portal/home
167,110001_1037,X,,F,-9999,,-9999,,-9999,,,-9999,-9999,110001_STUDY1,,,X,34.6693076027655,52.7055134390113,110001,1.1.1.0,AREA OF MINIMAL FLOOD HAZARD,,NP,,https://msc.fema.gov/portal/home
168,110001_1042,X,,F,-9999,,-9999,,-9999,,,-9999,-9999,110001_STUDY1,,,X,184.021793383732,1509.42399059985,110001,1.1.1.0,AREA OF MINIMAL FLOOD HAZARD,,NP,,https://msc.fema.gov/portal/home
169,110001_1044,AE,FLOODWAY,T,-9999,,-9999,,-9999,,,-9999,-9999,110001_STUDY1,,,AE,5663.42254749864,88647.152989612,110001,1.1.1.0,FLOODWAY,,NP,,https://msc.fema.gov/portal/home
170,110001_773,A,,T,-9999,,-9999,,-9999,,,-9999,-9999,110001_STUDY1,,,A,1680.11330410145,29535.4646247168,110001,1.1.1.0,,,NP,,https://msc.fema.gov/portal/home
171,110001_774,0.2 PCT ANNUAL CHANCE FLOOD HAZARD,,F,-9999,,-9999,,-9999,,,-9999,-9999,110001_STUDY1,,,X500,261.936814163369,865.435137526058,110001,1.1.1.0,0.2 PCT ANNUAL CHANCE FLOOD HAZARD,,NP,,https://msc.fema.gov/portal/home
172,110001_1266,0.2 PCT ANNUAL CHANCE FLOOD HAZARD,,F,-9999,,-9999,,-9999,,,-9999,-9999,110001_LOMC2,,,X500,808.388160298789,7774.14208015604,110001,1.1.1.0,0.2 PCT ANNUAL CHANCE FLOOD HAZARD,,NP,,https://msc.fema.gov/portal/home
173,110001_1267,AE,,T,-9999,,-9999,,-9999,,,-9999,-9999,110001_STUDY1,,,AE,178139.683022666,28604504.154887,110001,1.1.1.0,,,NP,,https://msc.fema.gov/portal/home
174,110001_761,0.2 PCT ANNUAL CHANCE FLOOD HAZARD,,F,-9999,,-9999,,-9999,,,-9999,-9999,110001_STUDY1,,,X500,895.846790960115,3866.340625967,110001,1.1.1.0,0.2 PCT ANNUAL CHANCE FLOOD HAZARD,,NP,,https://msc.fema.gov/portal/home
175,110001_1223,0.2 PCT ANNUAL CHANCE FLOOD HAZARD,,F,-9999,,-9999,,-9999,,,-9999,-9999,110001_STUDY1,,,X500,1071.6465886316,3002.78937431964,110001,1.1.1.0,0.2 PCT ANNUAL CHANCE FLOOD HAZARD,,NP,,https://msc.fema.gov/portal/home
176,110001_1225,0.2 PCT ANNUAL CHANCE FLOOD HAZARD,,F,-9999,,-9999,,-9999,,,-9999,-9999,110001_STUDY1,,,X500,271.378696032555,761.181605588101,110001,1.1.1.0,0.2 PCT ANNUAL CHANCE FLOOD HAZARD,,NP,,https://msc.fema.gov/portal/home
177,110001_1226,X,,F,-9999,,-9999,,-9999,,,-9999,-9999,110001_STUDY1,,,X,343.271085483113,5178.84152591919,110001,1.1.1.0,AREA OF MINIMAL FLOOD HAZARD,,NP,,https://msc.fema.gov/portal/home
178,110001_1227,0.2 PCT ANNUAL CHANCE FLOOD HAZARD,,F,-9999,,-9999,,-9999,,,-9999,-9999,110001_STUDY1,,,X500,314.9507324634,458.490451818314,110001,1.1.1.0,0.2 PCT ANNUAL CHANCE FLOOD HAZARD,,NP,,https://msc.fema.gov/portal/home
179,110001_1236,0.2 PCT ANNUAL CHANCE FLOOD HAZARD,,F,-9999,,-9999,,-9999,,,-9999,-9999,110001_STUDY1,,,X500,82.3061715716124,134.488059404657,110001,1.1.1.0,0.2 PCT ANNUAL CHANCE FLOOD HAZARD,,NP,,https://msc.fema.gov/portal/home
180,110001_1237,AE,,T,-9999,,-9999,,-9999,,,-9999,-9999,110001_STUDY1,,,AE,3565.06395844408,24176.6773439367,110001,1.1.1.0,,,NP,,https://msc.fema.gov/portal/home
181,110001_1243,0.2 PCT ANNUAL CHANCE FLOOD HAZARD,,F,-9999,,-9999,,-9999,,,-9999,-9999,110001_STUDY1,,,X500,497.505072760266,1595.67088721021,110001,1.1.1.0,0.2 PCT ANNUAL CHANCE FLOOD HAZARD,,NP,,https://msc.fema.gov/portal/home
182,110001_968,0.2 PCT ANNUAL CHANCE FLOOD HAZARD,,F,-9999,,-9999,,-9999,,,-9999,-9999,110001_STUDY1,,,X500,760.060821288411,1594.56765852688,110001,1.1.1.0,0.2 PCT ANNUAL CHANCE FLOOD HAZARD,,NP,,https://msc.fema.gov/portal/home
183,110001_660,0.2 PCT ANNUAL CHANCE FLOOD HAZARD,,F,-9999,,-9999,,-9999,,,-9999,-9999,110001_STUDY1,,,X500,273.519387912557,1824.09338467976,110001,1.1.1.0,0.2 PCT ANNUAL CHANCE FLOOD HAZARD,,NP,,https://msc.fema.gov/portal/home
184,110001_971,0.2 PCT ANNUAL CHANCE FLOOD HAZARD,,F,-9999,,-9999,,-9999,,,-9999,-9999,110001_STUDY1,,,X500,1030.00837119141,2837.65699607635,110001,1.1.1.0,0.2 PCT ANNUAL CHANCE FLOOD HAZARD,,NP,,https://msc.fema.gov/portal/home
185,110001_974,0.2 PCT ANNUAL CHANCE FLOOD HAZARD,,F,-9999,,-9999,,-9999,,,-9999,-9999,110001_STUDY1,,,X500,51.0236878879796,52.0245454469072,110001,1.1.1.0,0.2 PCT ANNUAL CHANCE FLOOD HAZARD,,NP,,https://msc.fema.gov/portal/home
186,110001_823,0.2 PCT ANNUAL CHANCE FLOOD HAZARD,,F,-9999,,-9999,,-9999,,,-9999,-9999,110001_STUDY1,,,X500,59.7312068854765,60.2297337228706,110001,1.1.1.0,0.2 PCT ANNUAL CHANCE FLOOD HAZARD,,NP,,https://msc.fema.gov/portal/home
187,110001_825,X,,F,-9999,,-9999,,-9999,,,-9999,-9999,110001_STUDY1,,,X,143.944598502319,1267.19035950376,110001,1.1.1.0,AREA OF MINIMAL FLOOD HAZARD,,NP,,https://msc.fema.gov/portal/home
188,110001_917,0.2 PCT ANNUAL CHANCE FLOOD HAZARD,,F,-9999,,-9999,,-9999,,,-9999,-9999,110001_STUDY1,,,X500,363.535473717462,584.961766891047,110001,1.1.1.0,0.2 PCT ANNUAL CHANCE FLOOD HAZARD,,NP,,https://msc.fema.gov/portal/home
189,110001_708,0.2 PCT ANNUAL CHANCE FLOOD HAZARD,,F,-9999,,-9999,,-9999,,,-9999,-9999,110001_STUDY1,,,X500,148.800574464037,262.00340342026,110001,1.1.1.0,0.2 PCT ANNUAL CHANCE FLOOD HAZARD,,NP,,https://msc.fema.gov/portal/home
190,110001_709,X,,F,-9999,,-9999,,-9999,,,-9999,-9999,110001_STUDY1,,,X,417.620988940277,9288.69915832966,110001,1.1.1.0,AREA OF MINIMAL FLOOD HAZARD,,NP,,https://msc.fema.gov/portal/home
191,110001_710,X,,F,-9999,,-9999,,-9999,,,-9999,-9999,110001_STUDY1,,,X,9287.34027295199,1031830.59323125,110001,1.1.1.0,AREA OF MINIMAL FLOOD HAZARD,,NP,,https://msc.fema.gov/portal/home
192,110001_711,0.2 PCT ANNUAL CHANCE FLOOD HAZARD,,F,-9999,,-9999,,-9999,,,-9999,-9999,110001_STUDY1,,,X500,129.550780439528,158.575806046417,110001,1.1.1.0,0.2 PCT ANNUAL CHANCE FLOOD HAZARD,,NP,,https://msc.fema.gov/portal/home
193,110001_941,X,,F,-9999,,-9999,,-9999,,,-9999,-9999,110001_STUDY1,,,X,2233.42002266901,66712.3328372991,110001,1.1.1.0,AREA OF MINIMAL FLOOD HAZARD,,NP,,https://msc.fema.gov/portal/home
194,110001_942,0.2 PCT ANNUAL CHANCE FLOOD HAZARD,,F,-9999,,-9999,,-9999,,,-9999,-9999,110001_STUDY1,,,X500,1132.2096333984,1414.26500896421,110001,1.1.1.0,0.2 PCT ANNUAL CHANCE FLOOD HAZARD,,NP,,https://msc.fema.gov/portal/home
195,110001_659,0.2 PCT ANNUAL CHANCE FLOOD HAZARD,,F,-9999,,-9999,,-9999,,,-9999,-9999,110001_STUDY1,,,X500,1163.80430655575,1658.83265459371,110001,1.1.1.0,0.2 PCT ANNUAL CHANCE FLOOD HAZARD,,NP,,https://msc.fema.gov/portal/home
196,110001_777,0.2 PCT ANNUAL CHANCE FLOOD HAZARD,,F,-9999,,-9999,,-9999,,,-9999,-9999,110001_STUDY1,,,X500,2232.81920322435,8686.38580969961,110001,1.1.1.0,0.2 PCT ANNUAL CHANCE FLOOD HAZARD,,NP,,https://msc.fema.gov/portal/home
197,110001_779,0.2 PCT ANNUAL CHANCE FLOOD HAZARD,,F,-9999,,-9999,,-9999,,,-9999,-9999,110001_STUDY1,,,X500,124.615045478747,182.311402882097,110001,1.1.1.0,0.2 PCT ANNUAL CHANCE FLOOD HAZARD,,NP,,https://msc.fema.gov/portal/home
198,110001_780,X,,F,-9999,,-9999,,-9999,,,-9999,-9999,110001_STUDY1,,,X,58838.4468790878,33147498.1702834,110001,1.1.1.0,AREA OF MINIMAL FLOOD HAZARD,,NP,,https://msc.fema.gov/portal/home
199,110001_1040,0.2 PCT ANNUAL CHANCE FLOOD HAZARD,,F,-9999,,-9999,,-9999,,,-9999,-9999,110001_STUDY1,,,X500,94.9526070786178,84.4365533676242,110001,1.1.1.0,0.2 PCT ANNUAL CHANCE FLOOD HAZARD,,NP,,https://msc.fema.gov/portal/home
200,110001_1041,0.2 PCT ANNUAL CHANCE FLOOD HAZARD,,F,-9999,,-9999,,-9999,,,-9999,-9999,110001_STUDY1,,,X500,351.703093079476,581.135669487745,110001,1.1.1.0,0.2 PCT ANNUAL CHANCE FLOOD HAZARD,,NP,,https://msc.fema.gov/portal/home
201,110001_673,0.2 PCT ANNUAL CHANCE FLOOD HAZARD,,F,-9999,,-9999,,-9999,,,-9999,-9999,110001_STUDY1,,,X500,183.597727041944,188.955597933227,110001,1.1.1.0,0.2 PCT ANNUAL CHANCE FLOOD HAZARD,,NP,,https://msc.fema.gov/portal/home
202,110001_1047,AE,,T,-9999,,-9999,,-9999,,,-9999,-9999,110001_STUDY1,,,AE,1088.38716019485,10056.6431695724,110001,1.1.1.0,,,NP,,https://msc.fema.gov/portal/home
203,110001_1106,0.2 PCT ANNUAL CHANCE FLOOD HAZARD,,F,-9999,,-9999,,-9999,,,-9999,-9999,110001_STUDY1,,,X500,620.836198606161,1262.03548818427,110001,1.1.1.0,0.2 PCT ANNUAL CHANCE FLOOD HAZARD,,NP,,https://msc.fema.gov/portal/home
204,110001_1107,0.2 PCT ANNUAL CHANCE FLOOD HAZARD,,F,-9999,,-9999,,-9999,,,-9999,-9999,110001_STUDY1,,,X500,109.947767833389,95.17701997831,110001,1.1.1.0,0.2 PCT ANNUAL CHANCE FLOOD HAZARD,,NP,,https://msc.fema.gov/portal/home
205,110001_1111,0.2 PCT ANNUAL CHANCE FLOOD HAZARD,,F,-9999,,-9999,,-9999,,,-9999,-9999,110001_STUDY1,,,X500,2188.40957333612,12823.3021784193,110001,1.1.1.0,0.2 PCT ANNUAL CHANCE FLOOD HAZARD,,NP,,https://msc.fema.gov/portal/home
206,110001_979,X,,F,-9999,,-9999,,-9999,,,-9999,-9999,110001_STUDY1,,,X,307.087694559439,5441.29948354936,110001,1.1.1.0,AREA OF MINIMAL FLOOD HAZARD,,NP,,https://msc.fema.gov/portal/home
207,110001_802,0.2 PCT ANNUAL CHANCE FLOOD HAZARD,,F,-9999,,-9999,,-9999,,,-9999,-9999,110001_STUDY1,,,X500,595.302062923568,861.445720870584,110001,1.1.1.0,0.2 PCT ANNUAL CHANCE FLOOD HAZARD,,NP,,https://msc.fema.gov/portal/home
208,110001_806,X,,F,-9999,,-9999,,-9999,,,-9999,-9999,110001_STUDY1,,,X,81.6147387510003,179.915158238842,110001,1.1.1.0,AREA OF MINIMAL FLOOD HAZARD,,NP,,https://msc.fema.gov/portal/home
209,110001_807,0.2 PCT ANNUAL CHANCE FLOOD HAZARD,,F,-9999,,-9999,,-9999,,,-9999,-9999,110001_STUDY1,,,X500,146.105239596491,315.361831429163,110001,1.1.1.0,0.2 PCT ANNUAL CHANCE FLOOD HAZARD,,NP,,https://msc.fema.gov/portal/home
210,110001_982,0.2 PCT ANNUAL CHANCE FLOOD HAZARD,,F,-9999,,-9999,,-9999,,,-9999,-9999,110001_STUDY1,,,X500,7430.21627749753,15851.7111342106,110001,1.1.1.0,0.2 PCT ANNUAL CHANCE FLOOD HAZARD,,NP,,https://msc.fema.gov/portal/home
211,110001_809,0.2 PCT ANNUAL CHANCE FLOOD HAZARD,,F,-9999,,-9999,,-9999,,,-9999,-9999,110001_STUDY1,,,X500,76.5094198339488,230.06223460161,110001,1.1.1.0,0.2 PCT ANNUAL CHANCE FLOOD HAZARD,,NP,,https://msc.fema.gov/portal/home
212,110001_1212,X,,F,-9999,,-9999,,-9999,,,-9999,-9999,110001_STUDY1,,,X,781.572268598807,12628.7516809647,110001,1.1.1.0,AREA OF MINIMAL FLOOD HAZARD,,NP,,https://msc.fema.gov/portal/home
213,110001_734,0.2 PCT ANNUAL CHANCE FLOOD HAZARD,,F,-9999,,-9999,,-9999,,,-9999,-9999,110001_STUDY1,,,X500,140.082666293679,1405.67769062257,110001,1.1.1.0,0.2 PCT ANNUAL CHANCE FLOOD HAZARD,,NP,,https://msc.fema.gov/portal/home
214,110001_735,0.2 PCT ANNUAL CHANCE FLOOD HAZARD,,F,-9999,,-9999,,-9999,,,-9999,-9999,110001_STUDY1,,,X500,958.896348560737,19215.5458782769,110001,1.1.1.0,0.2 PCT ANNUAL CHANCE FLOOD HAZARD,,NP,,https://msc.fema.gov/portal/home
215,110001_739,0.2 PCT ANNUAL CHANCE FLOOD HAZARD,,F,-9999,,-9999,,-9999,,,-9999,-9999,110001_STUDY1,,,X500,703.08930583371,6111.35702638913,110001,1.1.1.0,0.2 PCT ANNUAL CHANCE FLOOD HAZARD,,NP,,https://msc.fema.gov/portal/home
216,110001_740,X,,F,-9999,,-9999,,-9999,,,-9999,-9999,110001_STUDY1,,,X,569.607923607444,14294.1798772824,110001,1.1.1.0,AREA OF MINIMAL FLOOD HAZARD,,NP,,https://msc.fema.gov/portal/home
217,110001_744,0.2 PCT ANNUAL CHANCE FLOOD HAZARD,,F,-9999,,-9999,,-9999,,,-9999,-9999,110001_STUDY1,,,X500,5447.36725374951,195941.704650914,110001,1.1.1.0,0.2 PCT ANNUAL CHANCE FLOOD HAZARD,,NP,,https://msc.fema.gov/portal/home
218,110001_745,X,,F,-9999,,-9999,,-9999,,,-9999,-9999,110001_STUDY1,,,X,466.743630107326,3183.95857337437,110001,1.1.1.0,AREA OF MINIMAL FLOOD HAZARD,,NP,,https://msc.fema.gov/portal/home
219,110001_747,0.2 PCT ANNUAL CHANCE FLOOD HAZARD,,F,-9999,,-9999,,-9999,,,-9999,-9999,110001_STUDY1,,,X500,243.426641484066,330.519329458157,110001,1.1.1.0,0.2 PCT ANNUAL CHANCE FLOOD HAZARD,,NP,,https://msc.fema.gov/portal/home
220,110001_855,X,,F,-9999,,-9999,,-9999,,,-9999,-9999,110001_STUDY1,,,X,514.305237027059,4234.58641221157,110001,1.1.1.0,AREA OF MINIMAL FLOOD HAZARD,,NP,,https://msc.fema.gov/portal/home
221,110001_857,X,,F,-9999,,-9999,,-9999,,,-9999,-9999,110001_STUDY1,,,X,160.966341748923,1632.34205199445,110001,1.1.1.0,AREA OF MINIMAL FLOOD HAZARD,,NP,,https://msc.fema.gov/portal/home
222,110001_859,0.2 PCT ANNUAL CHANCE FLOOD HAZARD,,F,-9999,,-9999,,-9999,,,-9999,-9999,110001_STUDY1,,,X500,486.47002176038,4845.34922774576,110001,1.1.1.0,0.2 PCT ANNUAL CHANCE FLOOD HAZARD,,NP,,https://msc.fema.gov/portal/home
223,110001_859,0.2 PCT ANNUAL CHANCE FLOOD HAZARD,,F,-9999,,-9999,,-9999,,,-9999,-9999,110001_STUDY1,,,X500,821.969258480314,10041.5059864359,110001,1.1.1.0,0.2 PCT ANNUAL CHANCE FLOOD HAZARD,,NP,,https://msc.fema.gov/portal/home
224,110001_859,0.2 PCT ANNUAL CHANCE FLOOD HAZARD,,F,-9999,,-9999,,-9999,,,-9999,-9999,110001_STUDY1,,,X500,5282.897128732,87358.8436237286,110001,1.1.1.0,0.2 PCT ANNUAL CHANCE FLOOD HAZARD,,NP,,https://msc.fema.gov/portal/home
225,110001_861,0.2 PCT ANNUAL CHANCE FLOOD HAZARD,,F,-9999,,-9999,,-9999,,,-9999,-9999,110001_STUDY1,,,X500,457.917494077861,698.907635606244,110001,1.1.1.0,0.2 PCT ANNUAL CHANCE FLOOD HAZARD,,NP,,https://msc.fema.gov/portal/home
226,110001_853,0.2 PCT ANNUAL CHANCE FLOOD HAZARD,,F,-9999,,-9999,,-9999,,,-9999,-9999,110001_STUDY1,,,X500,5153.5617561397,82308.3233189498,110001,1.1.1.0,0.2 PCT ANNUAL CHANCE FLOOD HAZARD,,NP,,https://msc.fema.gov/portal/home
227,110001_854,0.2 PCT ANNUAL CHANCE FLOOD HAZARD,,F,-9999,,-9999,,-9999,,,-9999,-9999,110001_STUDY1,,,X500,239.042580682421,886.500934798708,110001,1.1.1.0,0.2 PCT ANNUAL CHANCE FLOOD HAZARD,,NP,,https://msc.fema.gov/portal/home
228,110001_1113,0.2 PCT ANNUAL CHANCE FLOOD HAZARD,,F,-9999,,-9999,,-9999,,,-9999,-9999,110001_STUDY1,,,X500,933.5048596563,922.972410009806,110001,1.1.1.0,0.2 PCT ANNUAL CHANCE FLOOD HAZARD,,NP,,https://msc.fema.gov/portal/home
229,110001_1114,0.2 PCT ANNUAL CHANCE FLOOD HAZARD,,F,-9999,,-9999,,-9999,,,-9999,-9999,110001_STUDY1,,,X500,58.4099572939283,51.2971508915741,110001,1.1.1.0,0.2 PCT ANNUAL CHANCE FLOOD HAZARD,,NP,,https://msc.fema.gov/portal/home
230,110001_1117,X,,F,-9999,,-9999,,-9999,,,-9999,-9999,110001_STUDY1,,,X,588.71161936308,10988.789561006,110001,1.1.1.0,AREA OF MINIMAL FLOOD HAZARD,,NP,,https://msc.fema.gov/portal/home
231,110001_987,X,,F,-9999,,-9999,,-9999,,,-9999,-9999,110001_STUDY1,,,X,794.246241991362,23901.6412383774,110001,1.1.1.0,AREA OF MINIMAL FLOOD HAZARD,,NP,,https://msc.fema.gov/portal/home
232,110001_888,0.2 PCT ANNUAL CHANCE FLOOD HAZARD,,F,-9999,,-9999,,-9999,,,-9999,-9999,110001_STUDY1,,,X500,555.171086201115,1191.84741199279,110001,1.1.1.0,0.2 PCT ANNUAL CHANCE FLOOD HAZARD,,NP,,https://msc.fema.gov/portal/home
233,110001_891,X,,F,-9999,,-9999,,-9999,,,-9999,-9999,110001_STUDY1,,,X,396.938765359402,5860.74787765855,110001,1.1.1.0,AREA OF MINIMAL FLOOD HAZARD,,NP,,https://msc.fema.gov/portal/home
234,110001_672,0.2 PCT ANNUAL CHANCE FLOOD HAZARD,,F,-9999,,-9999,,-9999,,,-9999,-9999,110001_STUDY1,,,X500,902.983566526736,2881.74676370004,110001,1.1.1.0,0.2 PCT ANNUAL CHANCE FLOOD HAZARD,,NP,,https://msc.fema.gov/portal/home
235,110001_749,X,,F,-9999,,-9999,,-9999,,,-9999,-9999,110001_STUDY1,,,X,29.9179910462851,52.1936391032209,110001,1.1.1.0,AREA OF MINIMAL FLOOD HAZARD,,NP,,https://msc.fema.gov/portal/home
236,110001_1154,X,,F,-9999,,-9999,,-9999,,,-9999,-9999,110001_STUDY1,,,X,40.0798492535963,77.4992743494781,110001,1.1.1.0,AREA OF MINIMAL FLOOD HAZARD,,NP,,https://msc.fema.gov/portal/home
237,110001_1154,X,,F,-9999,,-9999,,-9999,,,-9999,-9999,110001_STUDY1,,,X,316.392670365551,2125.13702830399,110001,1.1.1.0,AREA OF MINIMAL FLOOD HAZARD,,NP,,https://msc.fema.gov/portal/home
238,110001_1154,X,,F,-9999,,-9999,,-9999,,,-9999,-9999,110001_STUDY1,,,X,68554.2215809055,68896408.5906705,110001,1.1.1.0,AREA OF MINIMAL FLOOD HAZARD,,NP,,https://msc.fema.gov/portal/home
239,110001_1155,0.2 PCT ANNUAL CHANCE FLOOD HAZARD,,F,-9999,,-9999,,-9999,,,-9999,-9999,110001_STUDY1,,,X500,98.5315517038642,133.033179614949,110001,1.1.1.0,0.2 PCT ANNUAL CHANCE FLOOD HAZARD,,NP,,https://msc.fema.gov/portal/home
240,110001_1156,0.2 PCT ANNUAL CHANCE FLOOD HAZARD,,F,-9999,,-9999,,-9999,,,-9999,-9999,110001_STUDY1,,,X500,425.983445772672,602.468255610368,110001,1.1.1.0,0.2 PCT ANNUAL CHANCE FLOOD HAZARD,,NP,,https://msc.fema.gov/portal/home
241,110001_1159,0.2 PCT ANNUAL CHANCE FLOOD HAZARD,,F,-9999,,-9999,,-9999,,,-9999,-9999,110001_STUDY1,,,X500,154.646594231361,207.429045025513,110001,1.1.1.0,0.2 PCT ANNUAL CHANCE FLOOD HAZARD,,NP,,https://msc.fema.gov/portal/home
242,110001_1165,0.2 PCT ANNUAL CHANCE FLOOD HAZARD,,F,-9999,,-9999,,-9999,,,-9999,-9999,110001_STUDY1,,,X500,282.497840560891,438.165492533842,110001,1.1.1.0,0.2 PCT ANNUAL CHANCE FLOOD HAZARD,,NP,,https://msc.fema.gov/portal/home
243,110001_1166,0.2 PCT ANNUAL CHANCE FLOOD HAZARD,,F,-9999,,-9999,,-9999,,,-9999,-9999,110001_STUDY1,,,X500,182.241022837633,287.582461863665,110001,1.1.1.0,0.2 PCT ANNUAL CHANCE FLOOD HAZARD,,NP,,https://msc.fema.gov/portal/home
244,110001_1167,0.2 PCT ANNUAL CHANCE FLOOD HAZARD,,F,-9999,,-9999,,-9999,,,-9999,-9999,110001_STUDY1,,,X500,322.950303994934,500.394262800458,110001,1.1.1.0,0.2 PCT ANNUAL CHANCE FLOOD HAZARD,,NP,,https://msc.fema.gov/portal/home
245,110001_1168,AE,,T,-9999,,-9999,,-9999,,,-9999,-9999,110001_STUDY1,,,AE,11353.5428281066,234682.209160367,110001,1.1.1.0,,,NP,,https://msc.fema.gov/portal/home
246,110001_1169,0.2 PCT ANNUAL CHANCE FLOOD HAZARD,,F,-9999,,-9999,,-9999,,,-9999,-9999,110001_STUDY1,,,X500,252.743524943312,281.525130610262,110001,1.1.1.0,0.2 PCT ANNUAL CHANCE FLOOD HAZARD,,NP,,https://msc.fema.gov/portal/home
247,110001_765,A,,T,-9999,,-9999,,-9999,,,-9999,-9999,110001_STUDY1,,,A,1567.7549673635,15987.6222972105,110001,1.1.1.0,,,NP,,https://msc.fema.gov/portal/home
248,110001_1031,0.2 PCT ANNUAL CHANCE FLOOD HAZARD,,F,-9999,,-9999,,-9999,,,-9999,-9999,110001_STUDY1,,,X500,12760.1034578152,260074.242086404,110001,1.1.1.0,0.2 PCT ANNUAL CHANCE FLOOD HAZARD,,NP,,https://msc.fema.gov/portal/home
249,110001_788,0.2 PCT ANNUAL CHANCE FLOOD HAZARD,,F,-9999,,-9999,,-9999,,,-9999,-9999,110001_STUDY1,,,X500,7307.31045014491,126851.457325161,110001,1.1.1.0,0.2 PCT ANNUAL CHANCE FLOOD HAZARD,,NP,,https://msc.fema.gov/portal/home
250,110001_913,AE,FLOODWAY,T,-9999,,-9999,,-9999,,,-9999,-9999,110001_STUDY1,,,AE,3695.03446043394,47723.5745877167,110001,1.1.1.0,FLOODWAY,,NP,,https://msc.fema.gov/portal/home
251,110001_915,0.2 PCT ANNUAL CHANCE FLOOD HAZARD,,F,-9999,,-9999,,-9999,,,-9999,-9999,110001_STUDY1,,,X500,379.67086040968,6588.08464595109,110001,1.1.1.0,0.2 PCT ANNUAL CHANCE FLOOD HAZARD,,NP,,https://msc.fema.gov/portal/home
252,110001_916,0.2 PCT ANNUAL CHANCE FLOOD HAZARD,,F,-9999,,-9999,,-9999,,,-9999,-9999,110001_STUDY1,,,X500,350.744473129887,469.244746581203,110001,1.1.1.0,0.2 PCT ANNUAL CHANCE FLOOD HAZARD,,NP,,https://msc.fema.gov/portal/home
253,110001_1249,0.2 PCT ANNUAL CHANCE FLOOD HAZARD,,F,-9999,,-9999,,-9999,,,-9999,-9999,110001_STUDY1,,,X500,343.946127092024,553.899970106088,110001,1.1.1.0,0.2 PCT ANNUAL CHANCE FLOOD HAZARD,,NP,,https://msc.fema.gov/portal/home
254,110001_1254,0.2 PCT ANNUAL CHANCE FLOOD HAZARD,,F,-9999,,-9999,,-9999,,,-9999,-9999,110001_STUDY1,,,X500,375.682196077358,2343.80447269577,110001,1.1.1.0,0.2 PCT ANNUAL CHANCE FLOOD HAZARD,,NP,,https://msc.fema.gov/portal/home
255,110001_1255,0.2 PCT ANNUAL CHANCE FLOOD HAZARD,,F,-9999,,-9999,,-9999,,,-9999,-9999,110001_STUDY1,,,X500,531.245030659905,655.328802896959,110001,1.1.1.0,0.2 PCT ANNUAL CHANCE FLOOD HAZARD,,NP,,https://msc.fema.gov/portal/home
256,110001_1256,0.2 PCT ANNUAL CHANCE FLOOD HAZARD,,F,-9999,,-9999,,-9999,,,-9999,-9999,110001_STUDY1,,,X500,139.018386545075,177.077217896116,110001,1.1.1.0,0.2 PCT ANNUAL CHANCE FLOOD HAZARD,,NP,,https://msc.fema.gov/portal/home
257,110001_1261,0.2 PCT ANNUAL CHANCE FLOOD HAZARD,,F,-9999,,-9999,,-9999,,,-9999,-9999,110001_LOMC2,,,X500,396.480591011036,3041.33594547525,110001,1.1.1.0,0.2 PCT ANNUAL CHANCE FLOOD HAZARD,,NP,,https://msc.fema.gov/portal/home
258,110001_768,0.2 PCT ANNUAL CHANCE FLOOD HAZARD,,F,-9999,,-9999,,-9999,,,-9999,-9999,110001_STUDY1,,,X500,11671.2799288426,115812.774053682,110001,1.1.1.0,0.2 PCT ANNUAL CHANCE FLOOD HAZARD,,NP,,https://msc.fema.gov/portal/home
259,110001_769,0.2 PCT ANNUAL CHANCE FLOOD HAZARD,,F,-9999,,-9999,,-9999,,,-9999,-9999,110001_STUDY1,,,X500,683.147959400274,833.58555379592,110001,1.1.1.0,0.2 PCT ANNUAL CHANCE FLOOD HAZARD,,NP,,https://msc.fema.gov/portal/home
260,110001_1119,0.2 PCT ANNUAL CHANCE FLOOD HAZARD,,F,-9999,,-9999,,-9999,,,-9999,-9999,110001_STUDY1,,,X500,376.925903633361,1575.35763229189,110001,1.1.1.0,0.2 PCT ANNUAL CHANCE FLOOD HAZARD,,NP,,https://msc.fema.gov/portal/home
261,110001_1120,X,,F,-9999,,-9999,,-9999,,,-9999,-9999,110001_STUDY1,,,X,15043.9137764283,2899730.92374152,110001,1.1.1.0,AREA OF MINIMAL FLOOD HAZARD,,NP,,https://msc.fema.gov/portal/home
262,110001_1121,X,,F,-9999,,-9999,,-9999,,,-9999,-9999,110001_STUDY1,,,X,310.575632146855,5318.07466180832,110001,1.1.1.0,AREA OF MINIMAL FLOOD HAZARD,,NP,,https://msc.fema.gov/portal/home
263,110001_1318,X,,F,-9999,,-9999,,-9999,,,-9999,-9999,110001_LOMC4,,,X,1440.53244845479,18389.9007583186,110001,1.1.1.0,AREA WITH REDUCED FLOOD RISK DUE TO LEVEE,,NP,,https://msc.fema.gov/portal/home
264,110001_1319,X,,F,-9999,,-9999,,-9999,,,-9999,-9999,110001_LOMC4,,,X,2.69294019566902,0.128444582832694,110001,1.1.1.0,AREA WITH REDUCED FLOOD RISK DUE TO LEVEE,,NP,,https://msc.fema.gov/portal/home
265,110001_1320,X,,F,-9999,,-9999,,-9999,,,-9999,-9999,110001_LOMC4,,,X,279.329524258109,906.203128223618,110001,1.1.1.0,AREA WITH REDUCED FLOOD RISK DUE TO LEVEE,,NP,,https://msc.fema.gov/portal/home
266,110001_1321,X,,F,-9999,,-9999,,-9999,,,-9999,-9999,110001_LOMC4,,,X,33.6585601057058,10.4535339283164,110001,1.1.1.0,AREA WITH REDUCED FLOOD RISK DUE TO LEVEE,,NP,,https://msc.fema.gov/portal/home
267,110001_1322,X,,F,-9999,,-9999,,-9999,,,-9999,-9999,110001_LOMC4,,,X,8.4867269316295,2.5352919542313,110001,1.1.1.0,AREA WITH REDUCED FLOOD RISK DUE TO LEVEE,,NP,,https://msc.fema.gov/portal/home
268,110001_1325,X,,F,-9999,,-9999,,-9999,,,-9999,-9999,110001_LOMC4,,,X,33.3205434567066,27.8398955176699,110001,1.1.1.0,AREA WITH REDUCED FLOOD RISK DUE TO LEVEE,,NP,,https://msc.fema.gov/portal/home
269,110001_1326,X,,F,-9999,,-9999,,-9999,,,-9999,-9999,110001_LOMC4,,,X,56.3962552946935,185.478094954633,110001,1.1.1.0,AREA WITH REDUCED FLOOD RISK DUE TO LEVEE,,NP,,https://msc.fema.gov/portal/home
270,110001_1327,0.2 PCT ANNUAL CHANCE FLOOD HAZARD,,F,-9999,,-9999,,-9999,,,-9999,-9999,110001_LOMC4,,,X500,74.2299796419638,181.838647749804,110001,1.1.1.0,0.2 PCT ANNUAL CHANCE FLOOD HAZARD,,NP,,https://msc.fema.gov/portal/home
271,110001_1328,X,,F,-9999,,-9999,,-9999,,,-9999,-9999,110001_LOMC4,,,X,274.940954121479,1468.94695306162,110001,1.1.1.0,AREA WITH REDUCED FLOOD RISK DUE TO LEVEE,,NP,,https://msc.fema.gov/portal/home
272,110001_1323,X,,F,-9999,,-9999,,-9999,,,-9999,-9999,110001_LOMC4,,,X,67.3616332306384,20.4822028564755,110001,1.1.1.0,AREA WITH REDUCED FLOOD RISK DUE TO LEVEE,,NP,,https://msc.fema.gov/portal/home
273,110001_1324,0.2 PCT ANNUAL CHANCE FLOOD HAZARD,,F,-9999,,-9999,,-9999,,,-9999,-9999,110001_LOMC4,,,X500,69.2279975477078,245.375105640169,110001,1.1.1.0,0.2 PCT ANNUAL CHANCE FLOOD HAZARD,,NP,,https://msc.fema.gov/portal/home
274,110001_1329,X,,F,-9999,,-9999,,-9999,,,-9999,-9999,110001_LOMC4,,,X,7.71812316134241,1.40706937710772,110001,1.1.1.0,AREA WITH REDUCED FLOOD RISK DUE TO LEVEE,,NP,,https://msc.fema.gov/portal/home
275,110001_1330,X,,F,-9999,,-9999,,-9999,,,-9999,-9999,110001_LOMC4,,,X,116.719058094235,192.761793108692,110001,1.1.1.0,AREA WITH REDUCED FLOOD RISK DUE TO LEVEE,,NP,,https://msc.fema.gov/portal/home
276,110001_1331,X,,F,-9999,,-9999,,-9999,,,-9999,-9999,110001_LOMC4,,,X,26.0426944332751,29.6148403693892,110001,1.1.1.0,AREA WITH REDUCED FLOOD RISK DUE TO LEVEE,,NP,,https://msc.fema.gov/portal/home
277,110001_1365,X,,F,-9999,,-9999,,-9999,,,-9999,-9999,110001_LOMC4,,,X,151.348424818188,915.031000167544,110001,1.1.1.0,AREA WITH REDUCED FLOOD RISK DUE TO LEVEE,,NP,,https://msc.fema.gov/portal/home
278,110001_1366,AE,,T,11.2,NAVD88,-9999,Feet,-9999,,,-9999,-9999,110001_LOMC4,,,AE,13354.1335331448,919597.047546073,110001,1.1.1.0,,,NP,,https://msc.fema.gov/portal/home
279,110001_1367,X,,F,-9999,,-9999,,-9999,,,-9999,-9999,110001_LOMC4,,,X,136.158955870974,685.320955516718,110001,1.1.1.0,AREA WITH REDUCED FLOOD RISK DUE TO LEVEE,,NP,,https://msc.fema.gov/portal/home
280,110001_1368,X,,F,-9999,,-9999,,-9999,,,-9999,-9999,110001_LOMC4,,,X,4589.24249810782,98637.0752129489,110001,1.1.1.0,AREA WITH REDUCED FLOOD RISK DUE TO LEVEE,,NP,,https://msc.fema.gov/portal/home
281,110001_1369,X,,F,-9999,,-9999,,-9999,,,-9999,-9999,110001_LOMC4,,,X,92.5078620774366,294.586240473733,110001,1.1.1.0,AREA OF MINIMAL FLOOD HAZARD,,NP,,https://msc.fema.gov/portal/home
282,110001_1370,X,,F,-9999,,-9999,,-9999,,,-9999,-9999,110001_LOMC4,,,X,373.264650466507,3268.97614816419,110001,1.1.1.0,AREA OF MINIMAL FLOOD HAZARD,,NP,,https://msc.fema.gov/portal/home
283,110001_1371,X,,F,-9999,,-9999,,-9999,,,-9999,-9999,110001_LOMC4,,,X,181.778677193813,1337.26279982784,110001,1.1.1.0,AREA OF MINIMAL FLOOD HAZARD,,NP,,https://msc.fema.gov/portal/home
284,110001_1372,0.2 PCT ANNUAL CHANCE FLOOD HAZARD,,F,-9999,,-9999,,-9999,,,-9999,-9999,110001_LOMC4,,,X500,10453.7197814462,182730.14372908,110001,1.1.1.0,0.2 PCT ANNUAL CHANCE FLOOD HAZARD,,NP,,https://msc.fema.gov/portal/home
285,110001_1360,X,,F,-9999,,-9999,,-9999,,,-9999,-9999,110001_LOMC4,,,X,6.4091276535892,1.54128416218171,110001,1.1.1.0,AREA WITH REDUCED FLOOD RISK DUE TO LEVEE,,NP,,https://msc.fema.gov/portal/home
286,110001_1361,X,,F,-9999,,-9999,,-9999,,,-9999,-9999,110001_LOMC4,,,X,55.1171431163547,66.0276619712643,110001,1.1.1.0,AREA OF MINIMAL FLOOD HAZARD,,NP,,https://msc.fema.gov/portal/home
287,110001_1362,X,,F,-9999,,-9999,,-9999,,,-9999,-9999,110001_LOMC4,,,X,60.9004640190497,247.032706795017,110001,1.1.1.0,AREA OF MINIMAL FLOOD HAZARD,,NP,,https://msc.fema.gov/portal/home
288,110001_1363,X,,F,-9999,,-9999,,-9999,,,-9999,-9999,110001_LOMC4,,,X,9.5700456866947,2.56584822851152,110001,1.1.1.0,AREA WITH REDUCED FLOOD RISK DUE TO LEVEE,,NP,,https://msc.fema.gov/portal/home
289,110001_1364,X,,F,-9999,,-9999,,-9999,,,-9999,-9999,110001_LOMC4,,,X,93.4367834917282,263.072579039633,110001,1.1.1.0,AREA OF MINIMAL FLOOD HAZARD,,NP,,https://msc.fema.gov/portal/home
290,110001_1125,0.2 PCT ANNUAL CHANCE FLOOD HAZARD,,F,-9999,,-9999,,-9999,,,-9999,-9999,110001_STUDY1,,,X500,683.622897781421,1038.18233149244,110001,1.1.1.0,0.2 PCT ANNUAL CHANCE FLOOD HAZARD,,NP,,https://msc.fema.gov/portal/home
291,110001_1126,0.2 PCT ANNUAL CHANCE FLOOD HAZARD,,F,-9999,,-9999,,-9999,,,-9999,-9999,110001_STUDY1,,,X500,858.381797806819,1673.89581652211,110001,1.1.1.0,0.2 PCT ANNUAL CHANCE FLOOD HAZARD,,NP,,https://msc.fema.gov/portal/home
292,110001_1135,0.2 PCT ANNUAL CHANCE FLOOD HAZARD,,F,-9999,,-9999,,-9999,,,-9999,-9999,110001_STUDY1,,,X500,251.951072289376,541.516730333677,110001,1.1.1.0,0.2 PCT ANNUAL CHANCE FLOOD HAZARD,,NP,,https://msc.fema.gov/portal/home
293,110001_1147,0.2 PCT ANNUAL CHANCE FLOOD HAZARD,,F,-9999,,-9999,,-9999,,,-9999,-9999,110001_STUDY1,,,X500,2934.11154530577,15956.5423639901,110001,1.1.1.0,0.2 PCT ANNUAL CHANCE FLOOD HAZARD,,NP,,https://msc.fema.gov/portal/home
294,110001_767,0.2 PCT ANNUAL CHANCE FLOOD HAZARD,,F,-9999,,-9999,,-9999,,,-9999,-9999,110001_STUDY1,,,X500,337.031388836372,881.044836302806,110001,1.1.1.0,0.2 PCT ANNUAL CHANCE FLOOD HAZARD,,NP,,https://msc.fema.gov/portal/home
295,110001_757,0.2 PCT ANNUAL CHANCE FLOOD HAZARD,,F,-9999,,-9999,,-9999,,,-9999,-9999,110001_STUDY1,,,X500,1176.52052728469,1951.87864726841,110001,1.1.1.0,0.2 PCT ANNUAL CHANCE FLOOD HAZARD,,NP,,https://msc.fema.gov/portal/home
296,110001_758,X,,F,-9999,,-9999,,-9999,,,-9999,-9999,110001_STUDY1,,,X,608.754810172451,11609.3694825674,110001,1.1.1.0,AREA OF MINIMAL FLOOD HAZARD,,NP,,https://msc.fema.gov/portal/home
297,110001_1195,0.2 PCT ANNUAL CHANCE FLOOD HAZARD,,F,-9999,,-9999,,-9999,,,-9999,-9999,110001_STUDY1,,,X500,498.628877808489,1191.12830565405,110001,1.1.1.0,0.2 PCT ANNUAL CHANCE FLOOD HAZARD,,NP,,https://msc.fema.gov/portal/home
298,110001_1196,0.2 PCT ANNUAL CHANCE FLOOD HAZARD,,F,-9999,,-9999,,-9999,,,-9999,-9999,110001_STUDY1,,,X500,266.648310331752,4362.59030289543,110001,1.1.1.0,0.2 PCT ANNUAL CHANCE FLOOD HAZARD,,NP,,https://msc.fema.gov/portal/home
299,110001_1197,0.2 PCT ANNUAL CHANCE FLOOD HAZARD,,F,-9999,,-9999,,-9999,,,-9999,-9999,110001_STUDY1,,,X500,4065.7932168038,31753.961939391,110001,1.1.1.0,0.2 PCT ANNUAL CHANCE FLOOD HAZARD,,NP,,https://msc.fema.gov/portal/home
300,110001_1207,0.2 PCT ANNUAL CHANCE FLOOD HAZARD,,F,-9999,,-9999,,-9999,,,-9999,-9999,110001_STUDY1,,,X500,30.2152790699052,17.4895424444193,110001,1.1.1.0,0.2 PCT ANNUAL CHANCE FLOOD HAZARD,,NP,,https://msc.fema.gov/portal/home
301,110001_762,0.2 PCT ANNUAL CHANCE FLOOD HAZARD,,F,-9999,,-9999,,-9999,,,-9999,-9999,110001_STUDY1,,,X500,1519.03245675557,6165.67423734765,110001,1.1.1.0,0.2 PCT ANNUAL CHANCE FLOOD HAZARD,,NP,,https://msc.fema.gov/portal/home
302,110001_976,0.2 PCT ANNUAL CHANCE FLOOD HAZARD,,F,-9999,,-9999,,-9999,,,-9999,-9999,110001_STUDY1,,,X500,128.579575082222,159.893277665427,110001,1.1.1.0,0.2 PCT ANNUAL CHANCE FLOOD HAZARD,,NP,,https://msc.fema.gov/portal/home
303,110001_1271,X,,F,-9999,,-9999,,-9999,,,-9999,-9999,110001_LOMC4,,,X,90.1690310670492,302.979192819032,110001,1.1.1.0,AREA OF MINIMAL FLOOD HAZARD,,NP,,https://msc.fema.gov/portal/home
304,110001_1273,0.2 PCT ANNUAL CHANCE FLOOD HAZARD,,F,-9999,,-9999,,-9999,,,-9999,-9999,110001_LOMC4,,,X500,209.779146658023,713.465675808743,110001,1.1.1.0,0.2 PCT ANNUAL CHANCE FLOOD HAZARD,,NP,,https://msc.fema.gov/portal/home
305,110001_1274,X,,F,-9999,,-9999,,-9999,,,-9999,-9999,110001_LOMC4,,,X,73.0025236029217,251.167038769865,110001,1.1.1.0,AREA OF MINIMAL FLOOD HAZARD,,NP,,https://msc.fema.gov/portal/home
306,110001_1275,X,,F,-9999,,-9999,,-9999,,,-9999,-9999,110001_LOMC4,,,X,41.2873719588921,86.1207661207086,110001,1.1.1.0,AREA OF MINIMAL FLOOD HAZARD,,NP,,https://msc.fema.gov/portal/home
307,110001_1276,X,,F,-9999,,-9999,,-9999,,,-9999,-9999,110001_LOMC4,,,X,105.846691647456,292.814319952521,110001,1.1.1.0,AREA OF MINIMAL FLOOD HAZARD,,NP,,https://msc.fema.gov/portal/home
308,110001_1277,X,,F,-9999,,-9999,,-9999,,,-9999,-9999,110001_LOMC4,,,X,65.1876938669112,190.975100084912,110001,1.1.1.0,AREA OF MINIMAL FLOOD HAZARD,,NP,,https://msc.fema.gov/portal/home
309,110001_1278,X,,F,-9999,,-9999,,-9999,,,-9999,-9999,110001_LOMC4,,,X,255.275231371485,1938.59751007447,110001,1.1.1.0,AREA OF MINIMAL FLOOD HAZARD,,NP,,https://msc.fema.gov/portal/home
310,110001_1279,X,,F,-9999,,-9999,,-9999,,,-9999,-9999,110001_LOMC4,,,X,92.854444620074,344.164126269164,110001,1.1.1.0,AREA OF MINIMAL FLOOD HAZARD,,NP,,https://msc.fema.gov/portal/home
311,110001_1280,X,,F,-9999,,-9999,,-9999,,,-9999,-9999,110001_LOMC4,,,X,471.795762966004,3098.73076662185,110001,1.1.1.0,AREA OF MINIMAL FLOOD HAZARD,,NP,,https://msc.fema.gov/portal/home
312,110001_1281,0.2 PCT ANNUAL CHANCE FLOOD HAZARD,,F,-9999,,-9999,,-9999,,,-9999,-9999,110001_LOMC4,,,X500,3264.3181182815,56517.2425324225,110001,1.1.1.0,0.2 PCT ANNUAL CHANCE FLOOD HAZARD,,NP,,https://msc.fema.gov/portal/home
313,110001_1272,X,,F,-9999,,-9999,,-9999,,,-9999,-9999,110001_LOMC4,,,X,64.2467952094555,212.209127092617,110001,1.1.1.0,AREA OF MINIMAL FLOOD HAZARD,,NP,,https://msc.fema.gov/portal/home
314,110001_1282,X,,F,-9999,,-9999,,-9999,,,-9999,-9999,110001_LOMC4,,,X,382.776814125749,2305.28950225374,110001,1.1.1.0,AREA OF MINIMAL FLOOD HAZARD,,NP,,https://msc.fema.gov/portal/home
315,110001_1283,X,,F,-9999,,-9999,,-9999,,,-9999,-9999,110001_LOMC4,,,X,273.326118856886,2822.34276331574,110001,1.1.1.0,AREA OF MINIMAL FLOOD HAZARD,,NP,,https://msc.fema.gov/portal/home
316,110001_1284,0.2 PCT ANNUAL CHANCE FLOOD HAZARD,,F,-9999,,-9999,,-9999,,,-9999,-9999,110001_LOMC4,,,X500,8927.32910415772,140806.515802409,110001,1.1.1.0,0.2 PCT ANNUAL CHANCE FLOOD HAZARD,,NP,,https://msc.fema.gov/portal/home
317,110001_1285,X,,F,-9999,,-9999,,-9999,,,-9999,-9999,110001_LOMC4,,,X,134.271870437929,372.033745695954,110001,1.1.1.0,AREA OF MINIMAL FLOOD HAZARD,,NP,,https://msc.fema.gov/portal/home
318,110001_1286,X,,F,-9999,,-9999,,-9999,,,-9999,-9999,110001_LOMC4,,,X,68.3258377663574,88.1169154234323,110001,1.1.1.0,AREA OF MINIMAL FLOOD HAZARD,,NP,,https://msc.fema.gov/portal/home
319,110001_1287,X,,F,-9999,,-9999,,-9999,,,-9999,-9999,110001_LOMC4,,,X,121.075811352575,484.65092665391,110001,1.1.1.0,AREA OF MINIMAL FLOOD HAZARD,,NP,,https://msc.fema.gov/portal/home
320,110001_1288,X,,F,-9999,,-9999,,-9999,,,-9999,-9999,110001_LOMC4,,,X,225.651267932366,1692.51330073219,110001,1.1.1.0,AREA OF MINIMAL FLOOD HAZARD,,NP,,https://msc.fema.gov/portal/home
321,110001_1289,X,,F,-9999,,-9999,,-9999,,,-9999,-9999,110001_LOMC4,,,X,12.9396032955904,2.23998966753234,110001,1.1.1.0,AREA WITH REDUCED FLOOD RISK DUE TO LEVEE,,NP,,https://msc.fema.gov/portal/home
322,110001_1290,X,,F,-9999,,-9999,,-9999,,,-9999,-9999,110001_LOMC4,,,X,44.6479782071432,28.8315966295044,110001,1.1.1.0,AREA WITH REDUCED FLOOD RISK DUE TO LEVEE,,NP,,https://msc.fema.gov/portal/home
323,110001_1291,X,,F,-9999,,-9999,,-9999,,,-9999,-9999,110001_LOMC4,,,X,998.813781068118,17271.0699553371,110001,1.1.1.0,AREA WITH REDUCED FLOOD RISK DUE TO LEVEE,,NP,,https://msc.fema.gov/portal/home
324,110001_1304,0.2 PCT ANNUAL CHANCE FLOOD HAZARD,,F,-9999,,-9999,,-9999,,,-9999,-9999,110001_LOMC4,,,X500,1455.41453815678,23899.5527038634,110001,1.1.1.0,0.2 PCT ANNUAL CHANCE FLOOD HAZARD,,NP,,https://msc.fema.gov/portal/home
325,110001_1305,X,,F,-9999,,-9999,,-9999,,,-9999,-9999,110001_LOMC4,,,X,178.426995083244,705.398597308588,110001,1.1.1.0,AREA OF MINIMAL FLOOD HAZARD,,NP,,https://msc.fema.gov/portal/home
326,110001_1306,0.2 PCT ANNUAL CHANCE FLOOD HAZARD,,F,-9999,,-9999,,-9999,,,-9999,-9999,110001_LOMC4,,,X500,66.0269156763829,129.454520634136,110001,1.1.1.0,0.2 PCT ANNUAL CHANCE FLOOD HAZARD,,NP,,https://msc.fema.gov/portal/home
327,110001_1307,X,,F,-9999,,-9999,,-9999,,,-9999,-9999,110001_LOMC4,,,X,118.118705982066,846.644743466739,110001,1.1.1.0,AREA WITH REDUCED FLOOD RISK DUE TO LEVEE,,NP,,https://msc.fema.gov/portal/home
328,110001_1308,0.2 PCT ANNUAL CHANCE FLOOD HAZARD,,F,-9999,,-9999,,-9999,,,-9999,-9999,110001_LOMC4,,,X500,101.345076263897,437.486430890034,110001,1.1.1.0,0.2 PCT ANNUAL CHANCE FLOOD HAZARD,,NP,,https://msc.fema.gov/portal/home
329,110001_1309,X,,F,-9999,,-9999,,-9999,,,-9999,-9999,110001_LOMC4,,,X,7200.70321651458,450445.126536953,110001,1.1.1.0,AREA WITH REDUCED FLOOD RISK DUE TO LEVEE,,NP,,https://msc.fema.gov/portal/home
330,110001_1310,0.2 PCT ANNUAL CHANCE FLOOD HAZARD,,F,-9999,,-9999,,-9999,,,-9999,-9999,110001_LOMC4,,,X500,2935.00362208601,85654.7816628889,110001,1.1.1.0,0.2 PCT ANNUAL CHANCE FLOOD HAZARD,,NP,,https://msc.fema.gov/portal/home
331,110001_1311,AE,,T,11.2,NAVD88,-9999,Feet,-9999,,,-9999,-9999,110001_LOMC4,,,AE,225.304749184022,976.582385876195,110001,1.1.1.0,,,NP,,https://msc.fema.gov/portal/home
332,110001_1312,X,,F,-9999,,-9999,,-9999,,,-9999,-9999,110001_LOMC4,,,X,632.497856381827,11856.0847906387,110001,1.1.1.0,AREA WITH REDUCED FLOOD RISK DUE TO LEVEE,,NP,,https://msc.fema.gov/portal/home
333,110001_1313,X,,F,-9999,,-9999,,-9999,,,-9999,-9999,110001_LOMC4,,,X,542.427312073068,9210.1672069181,110001,1.1.1.0,AREA WITH REDUCED FLOOD RISK DUE TO LEVEE,,NP,,https://msc.fema.gov/portal/home
334,110001_1314,X,,F,-9999,,-9999,,-9999,,,-9999,-9999,110001_LOMC4,,,X,77.4789305668978,302.688103526279,110001,1.1.1.0,AREA WITH REDUCED FLOOD RISK DUE TO LEVEE,,NP,,https://msc.fema.gov/portal/home
335,110001_1315,X,,F,-9999,,-9999,,-9999,,,-9999,-9999,110001_LOMC4,,,X,32.4113736220507,40.1618135052629,110001,1.1.1.0,AREA WITH REDUCED FLOOD RISK DUE TO LEVEE,,NP,,https://msc.fema.gov/portal/home
336,110001_1316,0.2 PCT ANNUAL CHANCE FLOOD HAZARD,,F,-9999,,-9999,,-9999,,,-9999,-9999,110001_LOMC4,,,X500,590.414355285115,5794.57152278307,110001,1.1.1.0,0.2 PCT ANNUAL CHANCE FLOOD HAZARD,,NP,,https://msc.fema.gov/portal/home
337,110001_1317,X,,F,-9999,,-9999,,-9999,,,-9999,-9999,110001_LOMC4,,,X,77.7689346458898,259.491968179715,110001,1.1.1.0,AREA WITH REDUCED FLOOD RISK DUE TO LEVEE,,NP,,https://msc.fema.gov/portal/home
338,110001_943,0.2 PCT ANNUAL CHANCE FLOOD HAZARD,,F,-9999,,-9999,,-9999,,,-9999,-9999,110001_STUDY1,,,X500,208.21057914054,241.892502698202,110001,1.1.1.0,0.2 PCT ANNUAL CHANCE FLOOD HAZARD,,NP,,https://msc.fema.gov/portal/home
339,110001_945,0.2 PCT ANNUAL CHANCE FLOOD HAZARD,,F,-9999,,-9999,,-9999,,,-9999,-9999,110001_STUDY1,,,X500,58.3485863292165,68.0837338808859,110001,1.1.1.0,0.2 PCT ANNUAL CHANCE FLOOD HAZARD,,NP,,https://msc.fema.gov/portal/home
340,110001_947,AE,,T,-9999,,-9999,,-9999,,,-9999,-9999,110001_STUDY1,,,AE,514.021452739143,6983.79588311275,110001,1.1.1.0,,,NP,,https://msc.fema.gov/portal/home
341,110001_948,0.2 PCT ANNUAL CHANCE FLOOD HAZARD,,F,-9999,,-9999,,-9999,,,-9999,-9999,110001_STUDY1,,,X500,62.2423936102724,69.9999022420401,110001,1.1.1.0,0.2 PCT ANNUAL CHANCE FLOOD HAZARD,,NP,,https://msc.fema.gov/portal/home
342,110001_783,A,,T,-9999,,-9999,,-9999,,,-9999,-9999,110001_STUDY1,,,A,1607.32256494871,20458.8245041302,110001,1.1.1.0,,,NP,,https://msc.fema.gov/portal/home
343,110001_790,0.2 PCT ANNUAL CHANCE FLOOD HAZARD,,F,-9999,,-9999,,-9999,,,-9999,-9999,110001_STUDY1,,,X500,564.231002912341,1216.76637588621,110001,1.1.1.0,0.2 PCT ANNUAL CHANCE FLOOD HAZARD,,NP,,https://msc.fema.gov/portal/home
344,110001_791,0.2 PCT ANNUAL CHANCE FLOOD HAZARD,,F,-9999,,-9999,,-9999,,,-9999,-9999,110001_STUDY1,,,X500,481.105622423658,1177.31447183358,110001,1.1.1.0,0.2 PCT ANNUAL CHANCE FLOOD HAZARD,,NP,,https://msc.fema.gov/portal/home
345,110001_1100,0.2 PCT ANNUAL CHANCE FLOOD HAZARD,,F,-9999,,-9999,,-9999,,,-9999,-9999,110001_STUDY1,,,X500,483.935582496492,767.586094320446,110001,1.1.1.0,0.2 PCT ANNUAL CHANCE FLOOD HAZARD,,NP,,https://msc.fema.gov/portal/home
346,110001_1105,0.2 PCT ANNUAL CHANCE FLOOD HAZARD,,F,-9999,,-9999,,-9999,,,-9999,-9999,110001_STUDY1,,,X500,108.84405936495,138.033065738993,110001,1.1.1.0,0.2 PCT ANNUAL CHANCE FLOOD HAZARD,,NP,,https://msc.fema.gov/portal/home
347,110001_712,0.2 PCT ANNUAL CHANCE FLOOD HAZARD,,F,-9999,,-9999,,-9999,,,-9999,-9999,110001_STUDY1,,,X500,144.961105557335,207.90791894899,110001,1.1.1.0,0.2 PCT ANNUAL CHANCE FLOOD HAZARD,,NP,,https://msc.fema.gov/portal/home
348,110001_1054,0.2 PCT ANNUAL CHANCE FLOOD HAZARD,,F,-9999,,-9999,,-9999,,,-9999,-9999,110001_STUDY1,,,X500,1080.66363387049,1043.23572077924,110001,1.1.1.0,0.2 PCT ANNUAL CHANCE FLOOD HAZARD,,NP,,https://msc.fema.gov/portal/home
349,110001_1055,0.2 PCT ANNUAL CHANCE FLOOD HAZARD,,F,-9999,,-9999,,-9999,,,-9999,-9999,110001_STUDY1,,,X500,1144.45996589495,1960.17351451118,110001,1.1.1.0,0.2 PCT ANNUAL CHANCE FLOOD HAZARD,,NP,,https://msc.fema.gov/portal/home
350,110001_1056,0.2 PCT ANNUAL CHANCE FLOOD HAZARD,,F,-9999,,-9999,,-9999,,,-9999,-9999,110001_STUDY1,,,X500,483.660002796667,3075.269128158,110001,1.1.1.0,0.2 PCT ANNUAL CHANCE FLOOD HAZARD,,NP,,https://msc.fema.gov/portal/home
351,110001_1061,0.2 PCT ANNUAL CHANCE FLOOD HAZARD,,F,-9999,,-9999,,-9999,,,-9999,-9999,110001_STUDY1,,,X500,4667.80498042484,38310.8037686526,110001,1.1.1.0,0.2 PCT ANNUAL CHANCE FLOOD HAZARD,,NP,,https://msc.fema.gov/portal/home
352,110001_1029,0.2 PCT ANNUAL CHANCE FLOOD HAZARD,,F,-9999,,-9999,,-9999,,,-9999,-9999,110001_STUDY1,,,X500,28.0905776825614,56.0613396548592,110001,1.1.1.0,0.2 PCT ANNUAL CHANCE FLOOD HAZARD,,NP,,https://msc.fema.gov/portal/home
353,110001_1063,0.2 PCT ANNUAL CHANCE FLOOD HAZARD,,F,-9999,,-9999,,-9999,,,-9999,-9999,110001_STUDY1,,,X500,24575.8417861711,757545.27809009,110001,1.1.1.0,0.2 PCT ANNUAL CHANCE FLOOD HAZARD,,NP,,https://msc.fema.gov/portal/home
354,110001_715,X,,F,-9999,,-9999,,-9999,,,-9999,-9999,110001_STUDY1,,,X,308.236452813001,6354.2433318929,110001,1.1.1.0,AREA OF MINIMAL FLOOD HAZARD,,NP,,https://msc.fema.gov/portal/home
355,110001_717,X,,F,-9999,,-9999,,-9999,,,-9999,-9999,110001_STUDY1,,,X,59130.0366497055,34210087.8511198,110001,1.1.1.0,AREA OF MINIMAL FLOOD HAZARD,,NP,,https://msc.fema.gov/portal/home
356,110001_728,X,,F,-9999,,-9999,,-9999,,,-9999,-9999,110001_STUDY1,,,X,8.05439444760963,2.32592802134062,110001,1.1.1.0,AREA OF MINIMAL FLOOD HAZARD,,NP,,https://msc.fema.gov/portal/home
357,110001_1373,X,,F,-9999,,-9999,,-9999,,,-9999,-9999,110001_LOMC4,,,X,15549.4777422464,341231.557638485,110001,1.1.1.0,AREA OF MINIMAL FLOOD HAZARD,,NP,,https://msc.fema.gov/portal/home
358,110001_1351,X,,F,-9999,,-9999,,-9999,,,-9999,-9999,110001_LOMC4,,,X,1547.08246064999,20395.2467696669,110001,1.1.1.0,AREA WITH REDUCED FLOOD RISK DUE TO LEVEE,,NP,,https://msc.fema.gov/portal/home
359,110001_1352,X,,F,-9999,,-9999,,-9999,,,-9999,-9999,110001_LOMC4,,,X,62.365504122356,77.1035542676213,110001,1.1.1.0,AREA WITH REDUCED FLOOD RISK DUE TO LEVEE,,NP,,https://msc.fema.gov/portal/home
360,110001_1353,X,,F,-9999,,-9999,,-9999,,,-9999,-9999,110001_LOMC4,,,X,36.5128805193518,69.343980628001,110001,1.1.1.0,AREA WITH REDUCED FLOOD RISK DUE TO LEVEE,,NP,,https://msc.fema.gov/portal/home
361,110001_1354,X,,F,-9999,,-9999,,-9999,,,-9999,-9999,110001_LOMC4,,,X,23.041115072186,14.1892324992654,110001,1.1.1.0,AREA WITH REDUCED FLOOD RISK DUE TO LEVEE,,NP,,https://msc.fema.gov/portal/home
362,110001_1355,X,,F,-9999,,-9999,,-9999,,,-9999,-9999,110001_LOMC4,,,X,71.8192470541013,173.309938873282,110001,1.1.1.0,AREA WITH REDUCED FLOOD RISK DUE TO LEVEE,,NP,,https://msc.fema.gov/portal/home
363,110001_1356,X,,F,-9999,,-9999,,-9999,,,-9999,-9999,110001_LOMC4,,,X,64.9702447587599,152.814812335268,110001,1.1.1.0,AREA WITH REDUCED FLOOD RISK DUE TO LEVEE,,NP,,https://msc.fema.gov/portal/home
364,110001_1357,X,,F,-9999,,-9999,,-9999,,,-9999,-9999,110001_LOMC4,,,X,327.902368899376,5501.26736355828,110001,1.1.1.0,AREA WITH REDUCED FLOOD RISK DUE TO LEVEE,,NP,,https://msc.fema.gov/portal/home
365,110001_1358,X,,F,-9999,,-9999,,-9999,,,-9999,-9999,110001_LOMC4,,,X,277.519668856463,2640.72637048682,110001,1.1.1.0,AREA WITH REDUCED FLOOD RISK DUE TO LEVEE,,NP,,https://msc.fema.gov/portal/home
366,110001_1359,X,,F,-9999,,-9999,,-9999,,,-9999,-9999,110001_LOMC4,,,X,29.4134098305326,23.4805191017349,110001,1.1.1.0,AREA WITH REDUCED FLOOD RISK DUE TO LEVEE,,NP,,https://msc.fema.gov/portal/home
367,110001_1347,X,,F,-9999,,-9999,,-9999,,,-9999,-9999,110001_LOMC4,,,X,1132.01354729199,9236.75506422596,110001,1.1.1.0,AREA OF MINIMAL FLOOD HAZARD,,NP,,https://msc.fema.gov/portal/home
368,110001_1348,X,,F,-9999,,-9999,,-9999,,,-9999,-9999,110001_LOMC4,,,X,858.140344169392,29897.974911465,110001,1.1.1.0,AREA WITH REDUCED FLOOD RISK DUE TO LEVEE,,NP,,https://msc.fema.gov/portal/home
369,110001_1345,0.2 PCT ANNUAL CHANCE FLOOD HAZARD,,F,-9999,,-9999,,-9999,,,-9999,-9999,110001_LOMC4,,,X500,2186.82118629095,19382.1723284925,110001,1.1.1.0,0.2 PCT ANNUAL CHANCE FLOOD HAZARD,,NP,,https://msc.fema.gov/portal/home
370,110001_1346,0.2 PCT ANNUAL CHANCE FLOOD HAZARD,,F,-9999,,-9999,,-9999,,,-9999,-9999,110001_LOMC4,,,X500,66.7900006592234,49.7452380208614,110001,1.1.1.0,0.2 PCT ANNUAL CHANCE FLOOD HAZARD,,NP,,https://msc.fema.gov/portal/home
371,110001_1349,X,,F,-9999,,-9999,,-9999,,,-9999,-9999,110001_LOMC4,,,X,124.485212345606,983.522998019652,110001,1.1.1.0,AREA WITH REDUCED FLOOD RISK DUE TO LEVEE,,NP,,https://msc.fema.gov/portal/home
372,110001_1350,X,,F,-9999,,-9999,,-9999,,,-9999,-9999,110001_LOMC4,,,X,138.185293792069,696.23384080763,110001,1.1.1.0,AREA OF MINIMAL FLOOD HAZARD,,NP,,https://msc.fema.gov/portal/home
373,110001_1332,0.2 PCT ANNUAL CHANCE FLOOD HAZARD,,F,-9999,,-9999,,-9999,,,-9999,-9999,110001_LOMC4,,,X500,2058.8908027646,35305.4997025683,110001,1.1.1.0,0.2 PCT ANNUAL CHANCE FLOOD HAZARD,,NP,,https://msc.fema.gov/portal/home
374,110001_1333,AE,,T,-9999,,-9999,,-9999,,,-9999,-9999,110001_LOMC4,,,AE,263.252582567316,3393.98614632499,110001,1.1.1.0,,,NP,,https://msc.fema.gov/portal/home
375,110001_1334,X,,F,-9999,,-9999,,-9999,,,-9999,-9999,110001_LOMC4,,,X,14428.8432527332,715652.656905882,110001,1.1.1.0,AREA OF MINIMAL FLOOD HAZARD,,NP,,https://msc.fema.gov/portal/home
376,110001_1335,X,,F,-9999,,-9999,,-9999,,,-9999,-9999,110001_LOMC4,,,X,65.0057324650996,194.831780354008,110001,1.1.1.0,AREA WITH REDUCED FLOOD RISK DUE TO LEVEE,,NP,,https://msc.fema.gov/portal/home
377,110001_1336,X,,F,-9999,,-9999,,-9999,,,-9999,-9999,110001_LOMC4,,,X,252.680713614017,1592.70396173141,110001,1.1.1.0,AREA WITH REDUCED FLOOD RISK DUE TO LEVEE,,NP,,https://msc.fema.gov/portal/home
378,110001_1337,X,,F,-9999,,-9999,,-9999,,,-9999,-9999,110001_LOMC4,,,X,266.841063529982,2253.35479400141,110001,1.1.1.0,AREA WITH REDUCED FLOOD RISK DUE TO LEVEE,,NP,,https://msc.fema.gov/portal/home
379,110001_1338,AE,,T,11.4,NAVD88,-9999,Feet,-9999,,,-9999,-9999,110001_LOMC4,,,AE,1168.4258373712,35598.8290897497,110001,1.1.1.0,,,NP,,https://msc.fema.gov/portal/home
380,110001_1339,X,,F,-9999,,-9999,,-9999,,,-9999,-9999,110001_LOMC4,,,X,728.549571098125,19271.91390901,110001,1.1.1.0,AREA WITH REDUCED FLOOD RISK DUE TO LEVEE,,NP,,https://msc.fema.gov/portal/home
381,110001_1340,X,,F,-9999,,-9999,,-9999,,,-9999,-9999,110001_LOMC4,,,X,32.2687441548447,63.2285006633229,110001,1.1.1.0,AREA OF MINIMAL FLOOD HAZARD,,NP,,https://msc.fema.gov/portal/home
382,110001_1341,0.2 PCT ANNUAL CHANCE FLOOD HAZARD,,F,-9999,,-9999,,-9999,,,-9999,-9999,110001_LOMC4,,,X500,1935.56329958383,24577.0257802733,110001,1.1.1.0,0.2 PCT ANNUAL CHANCE FLOOD HAZARD,,NP,,https://msc.fema.gov/portal/home
383,110001_1342,X,,F,-9999,,-9999,,-9999,,,-9999,-9999,110001_LOMC4,,,X,316.76879251487,1896.15161462557,110001,1.1.1.0,AREA WITH REDUCED FLOOD RISK DUE TO LEVEE,,NP,,https://msc.fema.gov/portal/home
384,110001_1343,X,,F,-9999,,-9999,,-9999,,,-9999,-9999,110001_LOMC4,,,X,79.0297781125211,289.551338908669,110001,1.1.1.0,AREA OF MINIMAL FLOOD HAZARD,,NP,,https://msc.fema.gov/portal/home
385,110001_1344,X,,F,-9999,,-9999,,-9999,,,-9999,-9999,110001_LOMC4,,,X,64.4016317848348,152.116297117808,110001,1.1.1.0,AREA OF MINIMAL FLOOD HAZARD,,NP,,https://msc.fema.gov/portal/home
